index,推荐博主名称,博主涉及领域,平台及链接,推荐人ID,推荐理由,推荐时间
0,Coach-Shane, ,[B站](https://space.bilibili.com/473051410),杨絮不吃苦瓜,Daily English Dictation和E^3系列拯救了我的英语听力和口语表达，老师很有趣，视频做的很棒，跟着学习时间长了非常有效果。,2021-02-07 00:00:00
1,ElenaLin_青青, ,[B站](https://space.bilibili.com/5128788),瑶妖,"认真且上进的up,每次都是干货满满",2021-01-18 00:00:00
2,Jason—老湿, ,[B站](https://space.bilibili.com/540564177),四月是谁的谎言M, ,2021-02-07 00:00:00
3,Krenz官方账号, ,[B站](https://space.bilibili.com/181578039),良景,绘画基础的干货，很适合新手入门练习时观看,2021-02-08 00:00:00
4,Penthesileia, ,[B站](https://m.bilibili.com/space/514051666),不系之舟,意法泛艺术史纪录片野生字幕君、搬运工,2021-01-17 00:00:00
5,SHEEP_RABBIT, ,[B站](https://m.bilibili.com/space/259812938),不系之舟,立体折纸,2021-01-17 00:00:00
6,Soga卡卡酱, ,[B站](https://m.bilibili.com/space/17507005),不系之舟,30+职场女性的建议,2021-01-17 00:00:00
7,SuccessDiary_帅帅, ,[B站](https://space.bilibili.com/4963278),小树先森,有几期关于迷茫，拖延，一些想法和理念挺不错的,2021-02-01 00:00:00
8,epcdiy, ,[B站](https://m.bilibili.com/space/12590),不系之舟,数码/互联网技术,2021-01-17 00:00:00
9,一数, ,B站,阿幸,制作用心，初高中数学讲解,2021-01-16 00:00:00
10,乐乐老师的网络课堂, ,[B站](https://space.bilibili.com/410570125),无名之辈, ,2021-02-01 00:00:00
11,令人制烯全靠有机, ,[B站](https://space.bilibili.com/121793404),天気,华中科技大学的一个老师，录了一系列有机的课，讲得真的很不错,2021-01-18 00:00:00
12,偶然明朗_Fiona, ,[B站](https://m.bilibili.com/space/20361533),不系之舟,脑科学科普,2021-01-17 00:00:00
13,公孙田浩, ,[B站](https://space.bilibili.com/512574759),乾先生,用数据和事实呈现另一个互联网世界,2021-01-21 00:00:00
14,十三兰德, ,[B站](https://space.bilibili.com/2087065),海茉er,目前更新到美丽新世界，推的书籍都是十分有趣的。非常建议一读,2021-01-27 00:00:00
15,历史系的沙丁鱼, ,[B站](https://space.bilibili.com/375069183/video),与风同饮,历史类讲座视频集聚地,2021-01-17 00:00:00
16,历史调研室, ,[B站](https://space.bilibili.com/519872016),暂无名称, ,2021-02-08 00:00:00
17,学院派Academia, ,B站,阿幸,制作用心，认真有料的,2021-01-16 00:00:00
18,底层原理, ,[B站](https://space.bilibili.com/26606146),乾先生,专门研究大脑原理的up主，纯学术类表达,2021-01-21 00:00:00
19,张叶蕾Leafy, ,[B站](https://space.bilibili.com/111230371),四月是谁的谎言M, ,2021-02-07 00:00:00
20,拉片实验室, ,[B站](https://space.bilibili.com/18248648/video),蓝白型冷笑话bot,干货满满，谁看谁知道,2021-02-08 00:00:00
21,无穷小亮的科普日常, ,[B站](https://m.bilibili.com/space/14804670),不系之舟,生动有趣滴博物君,2021-01-17 00:00:00
22,昂克英文君, ,[B站](https://m.bilibili.com/space/286263737),不系之舟,学英语干货,2021-01-17 00:00:00
23,是怼子吖, ,[B站](https://m.bilibili.com/space/297270292),不系之舟,很多零基础小手工,2021-01-17 00:00:00
24,暖暖的小鱼姐, ,[B站](https://m.bilibili.com/space/605439614),不系之舟,娃衣制作,2021-01-17 00:00:00
25,有山先生, ,[B站](https://space.bilibili.com/28626598),意识律者,人外有人，山外有山，有山先生活得十分真性情，触动了我内心的一些东西，而且文章写得也很有意思。小伙子也很真诚（此处附带滑稽表情）,2021-02-02 00:00:00
26,李好帅的黄金屋, ,[B站](https://space.bilibili.com/16395179),Ch恩,北京大学（法律系？）毕业的up主，对书籍的解说非常引人入胜，会通过讲故事+评论这种非常生动的方式去探讨质量极高的书籍，我很爱,2020.2/2
27,汤质看本质, ,[B站](https://www.bilibili.com/video/BV1f4411x7E9),yesi,告诉你各类抽象的理论到底在现实里有什么用,2021-01-16 00:00:00
28,波普尔2020, ,B站,划水小能手,批判吸收，偶尔看点别的思路,2021-01-21 00:00:00
29,爱读书的King, ,[B站](https://m.bilibili.com/space/294086042),不系之舟,讲了些大学最重要的事，方便避雷和走好路,2021-01-17 00:00:00
30,稚晖君, ,B站,Thello,总而言之实在是太厉害了，自称野生钢铁侠，独立开发迷你电子产品,2021-02-07 00:00:00
31,童姥_女孩别怕, ,[B站](https://m.bilibili.com/space/66605322),不系之舟,关注女性安全、女性观,2021-01-17 00:00:00
32,老爸评测, ,其他,Ocean,少交智商税,2021-02-07 00:00:00
33,苜蓿老师, ,[B站](https://space.bilibili.com/23568088),瑶妖,分享干货的教资通过者,2021-01-18 00:00:00
34,萨姐的南腔北调, ,[B站](https://m.bilibili.com/space/509709191),不系之舟,家常面包、蛋糕教程,2021-01-17 00:00:00
35,西西相, ,[B站](https://space.bilibili.com/180904367),AlbertTony周,很多一流大学课程，很完整,2021-01-26 00:00:00
36,附议YJango, ,其他,Lenod, , 
37,麦呆小公举, ,[B站](https://m.bilibili.com/space/24284811),不系之舟,培养水彩特长，推荐很多良心画材,2021-01-17 00:00:00
38,1,3,其他,张,6,2021-12-19 22:49:19
39,老蒋巨靠谱,B站,B站,小斯,全B站分析内容最强的up主之一,2021-06-12 00:00:00
40,新世纪之光,CFD,[B站](https://space.bilibili.com/176075),丽日枫凪,天大的教师，蝙蝠时代被迫出道的，讲的很通俗易懂,2021-02-07 00:00:00
41,JHTV,Maya/3D建模,[B站](https://space.bilibili.com/72488046),Туманвский,曲线建模，uv排布，简单动画，骨骼绑定,2021-02-08 00:00:00
42,龚老师课堂,Maya，zb/3D建模,[B站](https://space.bilibili.com/98828888/video),Туманвский,主流3D软件大部分功能教学，介绍,2021-02-08 00:00:00
43,工业设计,SamzDesign,[B站](https://space.bilibili.com/390124595),紫小圣,为数不多产品设计和生产工程都有涉猎的up，设计学院最大短板就是对于生产端的认知不足，比绝大多数学校课堂强多了。,2022-04-11 18:00:15
44,《远离网络诈骗》,TOM表哥,[B站](https://space.bilibili.com/121225592),---boom,和骗子抢时间、抢客户，让你的字典里再也没有电信诈骗。,2022-02-13 22:51:44
45,新像素,UI设计,[B站](https://space.bilibili.com/389903587),Fantasy,国内少数几个免费公开高质量的Figma教学视频，且会经常更新。同时也可关注老师的个人号：草帽sMao，也有不少干货分享。,2021-12-18 19:39:54
46,b站,b站,B站,Jimmy,b站,2021-12-18 19:15:46
47,《生活物理》,不刷题的吴姥姥,[B站](https://space.bilibili.com/395877542),---boom,同济大学物理学教授，紧跟时事，玩转物理。,2022-02-13 22:48:36
48,李董男,中医,[B站](https://space.bilibili.com/410889248),远志学,中医各家学说，中国医学史，有态度的中医老师,2021-01-19 00:00:00
49,冷静医夏,中医科普,B站,HDBLMM,科普中医知识，风格有趣可爱，讲的通俗易懂,2021-12-16 19:25:35
50,漳州阿沈,中国古建筑,[B站](https://space.bilibili.com/590514353),了溪,讲述中国古建筑具体形制、部件等等非常优秀的老师，内容汇集了多本相关领域的书籍、论文，相关专业、和对古建筑感兴趣的朋友都可以看看,2021-12-17 18:39:25
51,崩登仓仓,中国戏曲相关,[B站](https://space.bilibili.com/5081330),仄安,小姐姐人美声甜，又有专业知识储备，可以帮很多人了解到中国戏曲的一些鉴赏方法和认知,2021-12-20 23:23:44
52,玩艺术的吴雅琳,中国美术,[B站](https://space.bilibili.com/637679816),志承233,广州美术学院教授、美院中国传统雕塑研究所、数码雕塑中心创始人。文人诗书画家。从艺术审美角度和大家探讨东西方雕塑～,2021-12-19 09:42:50
53,唠点历史,中外历史,B站,落叶,都是干货，讲的很好,2021-12-19 00:05:34
54,冰零-Mahiru忠诚眷属,乐理,[B站](https://space.bilibili.com/8522090/channel/collectiondetail),liang_nice,一百秒乐理系列，用音乐加上注解，让你懂得如果使用更多的和声进行，拓宽音乐想象,2021-12-18 22:42:30
55,鹦鹉咖,乐理，编曲,[B站](https://space.bilibili.com/75901514/channel/series),liang_nice,编曲与乐理方面的教程，很专业,2021-12-18 22:53:16
56,周观鱼UP,书画鉴赏、古文解析,[B站](https://space.bilibili.com/287467607),MiaoCunFa,老师的古文知识非常的精深,2021-12-17 21:46:02
57,韩语养乐多老师,二外,B站,还没午睡,自学韩语就选养乐多老师！从发音入门到众多韩语歌教学，教学经验丰富~, 
58,沙包_Chilli,二次元绘画基础,[B站](https://space.bilibili.com/301570),并不像当学霸的学霸, ,2021-12-15 21:36:08
59,YJango,人工智能，学习观,B站,木石石石,力荐，颠覆你对学习的认知。在粉丝的支持下，有关“学习观”的书也正在制作中，超级期待！！！！,2021-02-07 00:00:00
60,Yoloidea,人文,[B站](https://space.bilibili.com/391624812),CNtei,"不出名的人文Up，精神荒原在下沉,我们依旧在狂欢. 搞不好以后会是个厨子 常居成都",2021-12-15 20:23:50
61,安森垚,人文/地理/历史,[B站](https://space.bilibili.com/11498155),光脉之酒,语速非常快，谣言粉碎者，自诩知识贩子，会很多门语言。,2021-12-17 20:29:41
62,-LKs-,什锦区up主,[B站](https://space.bilibili.com/125526),东南枝, ,2021-02-15 00:00:00
63,oeasy,传媒计算机技能,B站,小斯,中传计算机老师，免费教PS，PR，AE,2021-06-12 00:00:00
64,Breanna设计分享,体验设计,[B站](https://space.bilibili.com/476721351/video),小皮球菌, ,2021-02-07 00:00:00
65,Mandell博士,健康,[B站](https://space.bilibili.com/1473247194),CNtei,脊椎矫正医师Dr. Mandell,2021-12-15 20:47:10
66,丁香医生,健康,[B站](https://space.bilibili.com/15982391),CNtei,有趣的「人体调查组」、感人的「亲历者说」、有态度的「丁香较真」，再加上时不时更新的「漫漫说」和「了不起的医生」，我想总有一个栏目你会喜欢！,2021-12-15 21:23:43
67,杰里米JeremyEthier,健身,[B站](https://space.bilibili.com/1026087701),CNtei,科学健身博主,2021-12-15 21:44:13
68,善解童贞2001,全面性教育,[B站](https://space.bilibili.com/1669014509),CNtei,爱与科学解读孩子的性,2022-01-01 02:27:47
69,反诈骗,公孙田浩,[B站](https://space.bilibili.com/512574759),流浪中的路人,让大家更好的反诈骗,2022-02-16 18:06:42
70,老夏说公务员面试,公考面试,[B站](https://www.bilibili.com/video/BV12w411Z7F4),不会起啊日,深入浅出的讲解了公考面试的内容，逻辑清晰，对公考面试有很深的认识，启发很大。虽然b站名气不大，但是对我启发很大。ps：不是广告，也不是培训机构的人员。,2021-12-23 10:02:27
71,大啊毛君,写作,B站,1830073048, ,2021-12-22 11:13:20
72,小罐头工作室,军事,[B站](https://space.bilibili.com/17932574),西风塞马,实用军事知识, 
73,诸葛呈像,军事/历史/抗日,[其他](https://www.acfun.cn/u/6536080),丶迷虎子, ,2021-12-22 09:21:51
74,有观点大历史,军事、历史、地理,[其他](https://www.acfun.cn/u/12803292),迷糊子丶, ,2021-12-22 09:26:17
75,沙盘上的战争,军事、地理、历史,[B站](https://search.bilibili.com/all),杭奕,用三维地图来推演近现代各经典战例，适于军事及历史爱好者,2020-02-29 00:00:00
76,军武志,军事科普,B站,彼得-施特拉塞,的确是知识增加了,2021-12-15 20:32:57
77,这知识好冷,冷知识,[B站](https://space.bilibili.com/403943112),CNtei,bilibili 知名科普UP主,2021-12-15 21:25:27
78,李好帅的黄金屋,分享书的UP,[B站](https://space.bilibili.com/16395179),Ayzjl,视频风格让你觉得他是在单独的对话，而不是讲述。而且也正在不断尝试新的东西，视频事业也是在上升期，不像之前一断更就是半年。,2021-02-13 00:00:00
79,小钟Johnny,分享非洲生活,B站,荔枝RIO,up主是一名正在非洲工作旅居的小伙子，投稿视频是他每天在非洲生活的真实见闻，介绍了非洲当地人的真实生活, 
80,阿阳热爱前端,前端编程,[B站](https://space.bilibili.com/478490349),小皮球菌, ,2021-02-07 00:00:00
81,谜一样的剪辑师,剪辑,[B站](https://www.bilibili.com/video/BV1Ki4y187di),猫妖十二,你想学剪辑吗？这是一名专业的剪辑师,2021-12-19 07:33:46
82,谜一样的剪辑师,剪辑入门及高阶技巧,[B站](https://space.bilibili.com/2766539),心之所向,董北老师是很厉害的剪辑老师，并且做一些入门基础课程，无论剪辑技巧高低都可以了解一下。,2021-12-19 15:30:32
83,我们都是社畜,动物,[B站](https://space.bilibili.com/1481344732),西方塞马,有趣的动物故事, 
84,动物学博士陈睿,动物/琥珀,[B站](https://space.bilibili.com/523668635),光脉之酒,狐主任大学同学，动物学博士，琥珀研究者，收藏了很多稀有、漂亮的琥珀。,2021-12-17 20:41:16
85,世界记忆大师龙雅,动物/蛇类,[B站](https://space.bilibili.com/25126508),光脉之酒,”这是我们的老朋友黑眉锦蛇“，”都是瞎编的数据“，“保持敬畏之心，看见蛇要远离”,2021-12-17 20:58:33
86,小灰灰大人,动物/鸟类,[B站](https://space.bilibili.com/362831543),光脉之酒,“一个臭讲动物的，up主许下宏愿要做出全网最有价值的动物科普频道，感谢有你一起见证！”,2021-12-17 21:00:58
87,H2元素实验室,化学,[B站](https://space.bilibili.com/414878461),西方塞马, , 
88,赵峥讲物理,北师大物理教授,[B站](https://space.bilibili.com/670860565),斯巴达117士官长,北师大物理教授,2021-02-07 00:00:00
89,Chubbyemu,医学,[B站](https://space.bilibili.com/297786973),Fae,有一些医学生活，常识，也能通俗的表达出来,2021-12-20 18:47:52
90,Chubbyemu,医学+英语,B站,传说真相,“这是他身体里发生的变化”这个梗的由来，生动讲述每个奇葩医学案例，为医学英语学习者和医学生提供一个良好的学习专业名词的平台。, 
91,兔叭咯,医学/健康,[B站](https://space.bilibili.com/7788379),CNtei,bilibili 2020百大UP主、知名UP主,2021-12-15 21:19:23
92,xgkyokou,医学临床科研数据分析,[B站](https://space.bilibili.com/21783065/video),bili_2056689,医学临床数据分析及队列研究，临床课题研究思路提供及发掘,2021-12-18 19:26:25
93,有Li,医学影像组学,[B站](https://space.bilibili.com/542601735),龙哥哥,医学影像组学入门教程,2021-12-21 04:02:23
94,世界卫生组织,卫生,[B站](https://space.bilibili.com/500367550),CNtei,世界卫生组织（World Health Organization，简称世卫组织或WHO）,2021-12-15 21:26:32
95,深圳卫健委,卫生,[B站](https://space.bilibili.com/698057488),CNtei,大家好，我是深小卫(๑˃̵ᴗ˂̵)一起变强变美变优秀！,2022-01-01 02:31:31
96,乌鸦校尉CaptainWuya,历史,[B站](https://space.bilibili.com/521249172), ,基于事实和档案重新解构近现代中国历史,2021年1月18日14:16:42
97,于赓哲老师,历史,[B站](https://www.bilibili.com/video/BV1qf4y1a7JQ),猫妖十二, ,2021-12-19 07:29:44
98,史图馆,历史,B站,星海的游吟诗人,多位历史同好联合创作，视频内容优质,2021-01-18 00:00:00
99,唠点历史,历史,[B站](https://space.bilibili.com/10698584),密斯特Li,长视频的历史up主内容优质,2021-12-19 21:49:48
100,御史房,历史,B站,星海的游吟诗人,在解读历史和历史人物时，常有自己对历史独到的见解，使人耳目一新。,2021-01-18 00:00:00
101,没脸鉴人,历史,[B站](https://www.bilibili.com/video/BV19Z4y1X7X2),猫妖十二,历史辟谣,2021-12-19 07:31:54
102,稚嫩的魔法师,历史,[B站](https://space.bilibili.com/1276787),来自星星的大羊驼,以游戏沙盘形式读西晋至东晋历史,2021-12-25 22:30:50
103,草说木言,历史,[B站](https://space.bilibili.com/477433087),粉色的雪落下,很专业，唯物史观，内容做的非常好。,2021-12-18 09:16:12
104,讲历史的赵冬梅,历史,[B站](https://space.bilibili.com/1575033396),游欸一,北大历史系教授入驻B站啦,2021-12-31 15:44:18
105,专心种花兔,历史/军事/地理,[B站](https://space.bilibili.com/451196839),光脉之酒,纸上谈兵区up主，致力于将历史上破碎的帝国在当今重新整合，不论如何，都仅次于“大毛”,2021-12-17 21:33:00
106,钱丢丢-,历史/神话,[B站](https://space.bilibili.com/12820125),光脉之酒,“笑谈天下惊鬼神，指点江山奇古今。你好，我是钱丢丢，一个古先贤文明神话的讲述者。”,2021-12-17 21:03:28
107,小约翰可汗,历史事件和人物,B站,24爵,另类角度解读历史事件和人物，保证让你捧腹,2021-12-16 17:48:20
108,文采飘逸的归来,历史学专业讲座,[B站](https://space.bilibili.com/486009552),lei0513,历史学专业讲座，与上面推荐的up主的同时食用效果更佳,2021-02-06 00:00:00
109,历史系の沙丁鱼_llz,历史学专业讲座课程,[B站](https://space.bilibili.com/375069183),lei0513,历史学专业讲座课程,2021-02-06 00:00:00
110,一马当先陈玉成,历史科普,[B站](https://space.bilibili.com/58008614), ,硬核历史科普，UP铁骨铮铮(五毛一条括号内···,2021年1月18日14:20:21
111,七哥侃历史,历史，通俗讲解大宋，蒙古，隋朝，魏晋南北朝等历史,[其他](https://www.douyin.com/user/MS4wLjABAAAApayR-oYHoLGKhFAW0ek42ddSnMhwkrsLH4N2G8ZWQJg),15083426321,有趣，易懂的讲解中国历史,2021-12-23 17:55:00
112,鹿哥来了-,古典音乐科普,B站,花栗鼠de,浅显易懂，生动有趣，但是鹿哥已经快一年没更新了,2021-12-19 15:09:23
113,中科院格致论道讲坛,各种尖端科学论道,[B站](http://space.bilibili.com/447261734),中医雨霁,中科院格致论道讲坛由中国科学院全力推出的科学文化讲坛，由中国科学院计算机网络信息中心和中国科学院科学传播局联合主办。致力于非凡思想的跨界传播，旨在以“格物致知”的精神探讨科技、教育、生活、未来的发展。,2021-02-07 00:00:00
114,元子弹吉他,吉他,[B站](https://space.bilibili.com/326251291),翎羽灬赟丿233,学习吉他可以去了解元子老师，真的挺好的。,2021-12-17 17:31:28
115,老姚吉他,吉他,[B站](https://space.bilibili.com/88685018),奇酱酱,对吉他初学者十分友好，不仅有歌曲教学还有乐理~,2021-12-20 19:24:23
116,果木浪子,吉他弹唱,B站,桃良,适合初学者入门,2021-12-18 11:47:55
117,Arinor,哲学,[B站](https://space.bilibili.com/88784),CNtei,是做哲学普及视频的正在怠惰地学画画以及论文发不出去的小说写手~o(*￣▽￣*)ブ,2021-12-15 21:20:17
118,思想史万有引力,哲学,[其他](https://www.douyin.com/user/MS4wLjABAAAAlpQnZ6TtSPrGf26dfMLgFB8XMbcOGE69ZLtGwfZOghQ),15083426321,不正经漫谈西方思想史，很有料,2021-12-23 19:07:38
119,未明子,哲学,[B站](https://space.bilibili.com/23191782),一碗甜桂羮,适合哲学入门，一个坚定的Marxist,2021-05-15 00:00:00
120,赤色幽灵指南,哲学,[B站](https://space.bilibili.com/56730666),蕀蒬,对于哲学有深刻的思想理解，无论是新人还是有一定基础的人都能受益匪浅, 
121,汤质看本质,哲学，哲学史,[B站](https://space.bilibili.com/362588980),萌萌哒的酸奶片,简要介绍哲学是什么，为了什么，为什么要学哲学。还有一大堆哲学科普教你适应这个世界.,2020-02-08 00:00:00
122,学习使我快乐到无与伦比（不重要）,哲学，生死,[B站](https://www.bilibili.com/video/BV1P7411C7Gz),纯情的小火鸡,耶鲁大学的老师，视频看起来古老一些，对于究竟何为死亡，灵魂与肉体，等这一类问题将在本视频里得到很好的解答。,2021-02-08 00:00:00
123,冲浪普拉斯,商业历史,[B站](https://space.bilibili.com/290548469),OFPC2Y,中国商业历史，听听耳熟能详的品牌与商业大佬们的故事。不看不知道，商界故事可能比电视剧还狗血！,2021-06-16 00:00:00
124,吸奇侠,四大名著,B站,小斯,《水浒传》看法独特,2021-06-12 00:00:00
125,PlutoRsy,国漫混剪剪辑,B站,UID:316426019,分享幸运，分享快乐，自由剪刀手,2021-12-17 09:28:22
126,沈逸老师,国际关系，网络空间安全治理,[B站](https://space.bilibili.com/648113003),于阳阳阳阳,真的强烈推荐，干货多且有长难句,2021-12-15 19:50:31
127,我们这颗星球OurPlanet,地理/人文/历史,[B站](https://space.bilibili.com/1705324032),光脉之酒,从环太平洋开始的环球之旅，见证最早的航海家将海洋文明的种子散布到整个太平洋的故事。,2021-12-17 20:23:53
128,中国国家地理,地理/动植物,[B站](https://space.bilibili.com/2000819931),CNtei,让“想当科学家”重新变成大家的梦想，《中国国家地理》杂志社官方账号,2021-12-15 21:10:23
129,天哥地说,地质,[B站](https://space.bilibili.com/293589102),西风塞马, , 
130,Jason-老湿,声乐,B站,朱朱,很沙雕的教声乐 有趣还挺有用, 
131,物理系的允文君,大学物理，数学,[B站](https://space.bilibili.com/52663683),love小小伤,这个课程特别建议听过一遍老师的讲课，但又感觉迷迷糊糊的学生。允文君是一个非常厉害的大佬，因为同为学生，所以很多老师没有讲的细节，在他那里会讲的很清楚。特别是对于考研的同学来说，很难找到这种对于大学物理知识系统的梳理，希望大家能关注一下这个宝藏up主,2021-02-08 00:00:00
132,氕氘氚Star,天文,[B站](https://space.bilibili.com/35970601),光脉之酒,天文摄影爱好者，科普各种天文现象。,2021-12-17 20:48:27
133,艾栗夏,天文/人文/宇宙,[B站](https://space.bilibili.com/670400594),光脉之酒,一个非常有潜力的up主，每一个视频都能让人感受到倾注其中的细腻情感与奇思，把人文和科学用一种类似通感的方式有机地结合在一起，形成了一种独特的风格。（注：2022年up主表示会全职，期待她能做出更多优秀的作品）,2021-12-17 21:18:48
134,梦想自救指南,天文/物理,[B站](https://space.bilibili.com/1663234886),光脉之酒,这个up主制作的互动视频都是精品，可以反复观看、体验，给人的感觉就像是在玩游戏。,2021-12-17 20:45:19
135,Linvo说宇宙,天文学/量子力学/宇宙学,[B站](https://space.bilibili.com/357515451), ,天文学&量子力学&宇宙学的基础科普,2021年1月18日14:12:43
136,唯一讲述者,好玩,B站,青蛙外婆,各种话题，坐地铁、上厕所之类的碎片时间可以刷一刷，视频时长不长的~, 
137,碳十二,好玩,其他,伟俊, ,2021-12-20 07:40:05
138,up,好玩儿,B站,djxzmg, ,2021-12-16 12:33:46
139,李银河,婚姻、家庭、情感、性别与性,[B站](https://space.bilibili.com/702575961),CNtei,中国社会学家,2021-12-15 20:53:10
140,Yjango,学习,B站,墨鱼,学习观系列视频作品带你深入了解什么是学习,2020-01-16 00:00:00
141,忘了,学习,B站,兔兔, ,2021-12-31 13:28:17
142,椒盐噪声Pepper,学习,[B站](https://space.bilibili.com/363927500),多折脑褶,书籍阅读，学习方法，时间管理,2021-12-20 03:23:09
143,龚政,学习,B站,达拉崩吧,无, 
144,安因思谈,学习、历史,[B站](https://space.bilibili.com/417244904),多折脑褶,描述一些方法论，历史等，尝试解决生活中一些问题,2021-12-20 08:13:34
145,YJango,学习观,[B站](https://space.bilibili.com/344849038),远志学,学习观,2021-01-19 00:00:00
146,羽毛球教学,宝藏教练聪聪,[B站](https://space.bilibili.com/1198291210),逆潮而动,专业系统的羽毛球教学，看完感觉很有用！,2022-02-06 13:51:46
147,内森の日常,宝藏资源和课程,[B站](https://space.bilibili.com/492387019),爱吃面包的小牛爸爸,有精彩的大师课，主要是外版内容的搬运~, 
148,痞仔伯爵,实用的软、硬件知识,B站,彼得-施特拉塞,风趣幽默地评测、分享各种有趣实用的软、硬件知识，以及一些电脑数码推荐、测评。讲的啥虽然会忘掉，但风趣幽默的话语我绝对忘不了。,2021-12-15 20:37:51
149,我是阿众,实用软件及网站分享,[B站](https://space.bilibili.com/281120100),多折脑褶,分享实用软件及网站等，up主主页有单独的跳转链接,2021-12-20 02:23:30
150,大啊毛君,小说写作技能,[B站](https://space.bilibili.com/21036078/video),薄雾丷, ,2022-01-02 22:14:54
151,宝剑侍从,小说写作技能,[B站](https://space.bilibili.com/475449945/video),薄雾丷, ,2021-12-18 19:56:50
152,犄角啊犄角,小说写作技能,[B站](https://space.bilibili.com/442263318/video),薄雾丷, ,2022-01-02 22:13:02
153,子都忆情,小说写作教程,[B站](https://space.bilibili.com/8051469),D-E-D,内容很全面，UP很细心,2021-12-20 23:35:21
154,Abel小智,嵌入式 单片机 物联网,[B站](https://www.bilibili.com/video/BV1EB4y1N7iD),会飞的虾,超级接地气，贴近实际企业项目需求,2021-12-27 22:40:00
155,受之学堂,工业设计,[B站](https://space.bilibili.com/5679766),淡定淡定608, ,2021-02-08 00:00:00
156,一只建筑精,建筑,[B站](https://space.bilibili.com/484332084),贰子小脑斧, ,2021-07-04 00:00:00
157,来真的,建筑,[B站](https://space.bilibili.com/590784254),贰子小脑斧, ,2021-07-03 00:00:00
158,海边的Liam,建筑,[B站](https://space.bilibili.com/598257922),贰子小脑斧, ,2021-07-05 00:00:00
159,大象放映室,影视,[B站](https://space.bilibili.com/49246269),多折脑摺,影视作品深入解读，其中《激荡四十年》系列，以国内四十年发展为蓝本，讲述深刻,2021-12-20 02:03:43
160,1900影剧室,影视剧解读,[B站](https://www.bilibili.com/video/BV1QJ411a76B),杭奕,便于快速了解经典影视剧内容及其创作背景，细节性解读影视剧经典之处,2020-02-29 00:00:00
161,木鱼水心,影视剧解读,[B站](https://search.bilibili.com/all),杭奕,便于快速了解经典影视剧内容及其创作背景，细节性解读影视剧经典之处,2020-02-29 00:00:00
162,切片计划,影视杂谈,B站,阿漓,非常优秀的影评人，有深度，有思考,2021-12-25 17:44:15
163,万物捡史,很多领域和冷知识,[B站](https://space.bilibili.com/328531988/video),飒飒飒,魔性的动画和略微搞笑的陪音 让人看完一集还想看下一集,2021-02-07 00:00:00
164,我是周小北,心得,[B站](https://space.bilibili.com/388908674),多折脑褶,学习心得分享，书籍推荐,2021-12-20 03:10:35
165,Calm心理,心理,[B站](https://space.bilibili.com/495818507),CNtei,南京师范大学心理硕士，省级三甲医院全职心理治疗师 科普方向：个人成长、原生家庭、人际交往、情绪管理等,2022-01-01 02:32:43
166,Psych2go中文站,心理,[B站](https://space.bilibili.com/203230674),CNtei,在知行合一的路上共勉 (ง •̀o•́)ง,2021-12-15 21:33:10
167,安慰记心理小店,心理,B站,刘小时123,这是我大四那段很煎熬的时间里偶然发现的一个up主，一直觉得很幸运，知道了他们，让我在那段时间能坚持下来，可以鼓起勇气参加一场场面试，自我缓解第一次实习过程中的压力，每次看店长她们视频所谈的内容时，感觉都是自己现在所经历和困惑的问题，所以每当不开心和感到压力很大时就会去看他们的。,2022-01-02 02:03:33
168,心理学于悦,心理,[B站](https://space.bilibili.com/1167671073),CNtei,中国政法大学社会学院心理系，硕士生导师,2022-01-01 02:30:00
169,心理学家Tracey,心理,[B站](https://space.bilibili.com/689271931),CNtei,你们好，我是特蕾西博士，精神科医生，从事心理健康教育,2021-12-15 21:17:55
170,心理学陈祉妍,心理,[B站](https://space.bilibili.com/475015328),CNtei,中国科学院心理研究所国民心理健康评估发展中心负责人、中科院心理所教授、硕士生导师,2021-12-15 20:48:53
171,心理满,心理,[B站](https://space.bilibili.com/304207312),CNtei, ,2021-12-15 20:30:06
172,林林Eileen,心理/生物/性教育,[B站](https://space.bilibili.com/14803693),CNtei,bilibili 知名科普UP主,2021-12-15 21:43:17
173,看懂村,心理类,[B站](https://space.bilibili.com/37254033),飒飒飒,更加魔性的动画和陪音 让一知半解的知识变得有趣,2021-02-07 00:00:00
174,乐有为医生,性健康,[B站](https://space.bilibili.com/1103272707),CNtei,第五届中国十大男性健康科普专家 关注我，做快乐男人！,2021-12-15 20:28:09
175,中国性学会,性学,[B站](https://space.bilibili.com/661849085),CNtei,努力做站内最科学最有趣的性医学科普！,2021-12-15 21:02:53
176,菲比老司机,性学,[B站](https://space.bilibili.com/1930181623),CNtei,人类性学硕士，树德科大-人类性学硕士 ACS美国执业性学家＆性教育家 中华世界华人性学家协会(WACS) 理事,2021-12-15 20:50:15
177,-阿健-,性学等,[B站](https://space.bilibili.com/18690024),CNtei,把困在脑子里的想法救出来,2021-12-15 20:41:52
178,DD第二代,性教育,[B站](https://space.bilibili.com/390244162),CNtei,我的梦想是，至少(首先)得让全中国几千万性少数群体，每个人都看过我的视频！,2021-12-15 21:21:36
179,北师大刘文利,性教育,[B站](https://space.bilibili.com/1535016452),CNtei,北京师范大学教授、儿童性教育专家,2021-12-15 20:42:38
180,夹性芝士,性教育,[B站](https://space.bilibili.com/326081112),CNtei,去你的野生X教育，是时候认真谈X了！,2021-12-15 21:31:15
181,夹性芝士,性知识科普,[B站](https://space.bilibili.com/326081112),并不像当学霸的学霸, ,2021-12-15 21:42:21
182,_源姨_,情感,[B站](https://space.bilibili.com/207702731),CNtei,喜欢探究人心和人性,2021-12-15 21:11:14
183,男闺蜜kz,情感,[B站](https://space.bilibili.com/1021770972),CNtei,情感区搞笑up主,2021-12-15 20:26:46
184,工业设计,想哥的工业设计,[B站](https://space.bilibili.com/454327927),紫小圣,工业设计视觉动力的作者，B站更了视觉动力的视频。个人觉得算不上非常优秀，但好在自成体系。,2022-04-12 11:00:47
185,四六级 考研 专升本课程,我是瑞斯拜,B站,Balter_Lettor,四六级冲分计划看他没错 预测四级作文和翻译很厉害, 
186,无,我是黄鸭兄,[B站](https://space.bilibili.com/390513216),琉 蓝,书籍解读角度、观点、剖析很独到,2022-02-26 21:44:35
187,数据分析基础入门,戴戴戴师兄,[B站](https://space.bilibili.com/86758610),_Lucas_, ,2022-02-09 16:18:57
188,_碳十二_,所有,B站,87310336602_bili, , 
189,Topbook,提升效率,[B站](https://space.bilibili.com/29959830),Sobriety,效率up,2021.1.1.19
190,tengusan,摄影/艺术/审美,B站,年七am,来看看真正的“摄影”是什么样子,2021-12-19 09:23:41
191,夜行抹茶,摄影、旅行,[B站](https://space.bilibili.com/1327845),西方塞马, , 
192,卢克文工作室,政史与社会见解,[B站](https://space.bilibili.com/438173577),天明,对古今中外政坛人物与社会现象有着独到的见解，还不时具有趣味性,2021-12-21 19:13:19
193,王骁Albert,政治/国际关系,[B站](https://space.bilibili.com/52165725),怎样起一个名字呢,由于和观察者网有合约，2021年没有更新，不过明年就会复出了。他的《骁话一下》真的很好看，播放量也很高,2021-12-19 17:26:30
194,沈逸老师,政治，国际关系,B站,刘露文,特别特别厉害的一个老师，我对政治中美关系一点都没兴趣，但是每次沈逸老师的视频都会看，特别有趣,2021-12-16 17:51:24
195,cocopolaris,教师资格证,[B站](https://space.bilibili.com/449144107),酸奶泡泡龙, ,2021-12-29 22:17:00
196,杨一呦,教育学&社会&心理,[B站](https://space.bilibili.com/511582432),我以诗心化我心,老师讲课非常温柔，还可以学到一些为人处世的道理，适合放松。,2021-12-18 21:07:45
197,3Blue1Brown,数学,[B站](https://space.bilibili.com/88461692),CNtei,深入浅出、直观明了地分享数学之美,2021-12-15 21:35:59
198,3blue1brown,数学,[B站](https://space.bilibili.com/88461692),田柾国家大哥,具象化数学，值得一看,2021-12-23 22:19:23
199,Frank-FuckPPT,数学,B站,Sobriety,讲的很好，up极其优秀，打破了死板教学，学计算机必看,2021.1.1.19
200,Solara570,数学,[B站](https://space.bilibili.com/3557916),CNtei,3Blue1Brown翻译团队成员，频道现主攻原创,2021-12-15 21:37:38
201,一数,数学,[B站](https://space.bilibili.com/14229967),神奇海螺1, ,2021-02-08 00:00:00
202,会放羊的教书匠,数学,[B站](https://space.bilibili.com/44980991),神奇海螺1, ,2021-02-08 00:00:00
203,佟大大还是ETT,数学,[B站](https://www.bilibili.com/video/BV1fJ411R73E),不染, , 
204,一数,数学竞赛,[B站](https://space.bilibili.com/14229967),sin,基础，扎实，经典，拔高,2021-02-08 00:00:00
205,孙兴华zz,数据分析,[B站](https://space.bilibili.com/437239552),blue-area,孙兴华大佬是一位秉承着开源精神的数据分析师，他会用通俗易懂的语言讲解从VBA到python一系列数据分析和办公自动化的课程，包括MySQL、PowerBI、Access这类“奇技淫巧”他都会，像一个全能的数据分析战士，希望各位好好珍惜这位大佬！,2021-12-18 13:53:49
206,老师好我叫何同学,数码区up主,B站, ,95后北邮大学生数码区天花板,2021-08-20 00:00:00
207,思维实验室,文化,[B站](https://space.bilibili.com/14583962),KnightWJD,每个视频全程干货，给人的启发很大，并且什么方面的知识都会去科普,2020-01-16 00:00:00
208,義北偏北,文史哲,B站, ,上传文史哲类公开课,2021-08-20 00:00:00
209,天真的和感伤的小说家,文学,[B站](https://space.bilibili.com/314521322),荷梓,讲各种文学作品，视频幽默有趣，从中有很多思考,2020-01-16 00:00:00
210,歐麗娟,文学,[B站](https://space.bilibili.com/1867363969),CNtei,台湾大学中文系教授,2021-12-15 20:44:12
211,大门ZRR,文学/评论,[B站](https://space.bilibili.com/700380991),光脉之酒,“不专业，不客观，不中立，不跪舔”，嬉笑怒骂，评论小说。有潜力在知识区开辟一个新的专区。,2021-12-17 21:29:27
212,纪录片我去看世界,旅行,B站,青蛙外婆,知名的旅行UP主，记录了一路旅行的见闻，朝鲜、非洲、马达加斯加、欧洲。。疫情不能出国旅行，咱们跟着视频去旅行吧~, 
213,五,无,其他,Karsa, , 
214,科研人绘图软件,无,[B站](https://space.bilibili.com/587039260),热愛可抵岁月漫長-,科研人绘图软件，比如：Origin、arcgis等, 
215,hero3046,日语,[B站](https://space.bilibili.com/65988295),琰の紅蓮,"讲的挺好,推荐他的一个文法查询的Excel,去他qq群看公告里有,具体是什么东西看这个视频https://www.bilibili.com/video/av26959498",2021-08-02 00:00:00
216,yuka老师,日语,[B站](https://space.bilibili.com/485503730),妖怪测谎仪, ,2021-02-07 00:00:00
217,秋山燿平,日语,[B站](https://space.bilibili.com/229740315),CNtei,会说10种语言东京大学，曾出演秋刀鱼的东大方程式,2021-12-15 21:30:02
218,秋爸是奶爸,日语,B站,传说真相,搬运各种日语综艺，但是只有日语字幕，想学习日语，提高日语听力的人的福音。, 
219,葉子先生桑,日语,[B站](https://space.bilibili.com/10957838),小鳥遊ＬＦ,对于那些想学日语 或者参加日语高考的小伙伴们这个可以去康康,2021-02-08 00:00:00
220,hero3046,日语学习,[B站](https://space.bilibili.com/65988295),milayna,系统，生动有趣，内涵丰富，老师背景知识深厚,2021-12-21 18:57:57
221,我孙子飞鱼,日麻,[B站](https://space.bilibili.com/2899425),CNtei,日本麻将教学,2021-12-15 21:15:44
222,AHALOLO,时尚,[B站](https://space.bilibili.com/353368172),Vigi,时尚区的科普博主吃瓜博主和得罪博主（哈哈哈），视频内容主要是时尚品牌科普、季度大秀解析、时尚圈吃瓜等等等等，入股不亏啊家人们！！！,2022-01-02 18:25:40
223,季绝学,时政,[B站](https://space.bilibili.com/17066854),光脉之酒,一盏茶的时间告诉你今天地球上发生了啥，看看历史上的明天发生了啥。,2021-12-17 21:36:45
224,如何系统学习英语,昂克英文君,[B站](https://www.bilibili.com/video/BV1jE41157bX),blues,千万不要以为这个视频的名字很扯就退出了，看完这个视频后你就清楚学英语的一切了，一点都没夸张，是提升英语的综合能力，能力上去后，什么考试都好讲，而且不是应试学习，很有乐趣,2022-04-04 19:32:40
225,调侃企业发展史,曹小灵比比叨,[B站](https://space.bilibili.com/298753342),笨笨！,历史总是惊人的相似，在吐槽同了解你身边的企业,2022-03-12 23:05:50
226,小透明明TM,有用的,[B站](https://space.bilibili.com/192090),1992_1989, ,2021-12-17 22:16:37
227,DR.CAN,机器人学与控制 / SCI论文写作,[B站](https://space.bilibili.com/230105574),鲁迅有一块朽木疙瘩,对于学控制的研究生群体很有帮助，不仅能有滋有味滴学到控制科学相关的课程，甚至能教你SCI论文写作（宝藏博主甚至还用现代控制理论去分析爱情，这样的宝藏博主绝对爱了！,2021-02-08 00:00:00
228,致敬大神,机器学习,[B站](https://space.bilibili.com/230105574),晨曦,up主把她所读过的书籍结合自己的理解拍成教学视频，对人工智能感兴趣的小伙伴可以看她的视频入门,2021-02-08 00:00:00
229,机械百宝箱,机械制图 soildworks零件图学习,[B站](https://www.bilibili.com/video/BV1df4y1z7iR),编剧不要写死我啊,在会soildworks一些基础后缺乏图纸的绘画，可参考学习，并附带作图过程,2021-12-19 23:15:26
230,帆雨动画,机械原理,B站,Thello,机械原理小动画，非常神奇。,2021-02-07 00:00:00
231,一点创绘工作室,机械类大学生技能竞赛的讲解、Solidworks教程,B站,彼得-施特拉塞,本人就是看他的视频并且参加的技能竞赛，学习到很多使用技巧，建议机械专业的大学生看一下,2021-12-15 20:11:16
232,思维实验室,杂系知识区up主,[B站](https://space.bilibili.com/14583962),于阳阳阳阳,从历史到科技，从宗教到人体，不一样的知识让人眼前一亮,2021-12-16 19:41:07
233,不正经老丝,杂谈,[B站](https://space.bilibili.com/378885845),zoe,动漫、医学、辟谣、历史都有，最近几期视频是关于语文历史的，相比起初中高中的语文课，讲得很透彻,2020-01-17 00:00:00
234,有轶见的Kris,杂谈,B站,24爵,知识类别多，时政、历史、人文、军事、情感，观点清奇，角度刁钻,2021-12-16 17:20:01
235,肝帝董佳宁,杂谈,B站,24爵,知识类别丰富，涉及时政、历史、人文、军事等等领域，观点独到，轻松幽默,2021-12-16 17:16:59
236,《英语学习》,杨亮讲英文,[B站](https://space.bilibili.com/298786044),---boom,幽默、帅气又学识渊博的英语博主，每个视频里都有干货。,2022-02-13 22:42:50
237,文学理论课程全集 共32讲 2019年秋,杨宁,[B站](https://www.bilibili.com/video/BV1LE411e7NE),春水煎茶,杨老师的文学理论课真的浅入深出，无论是中文系的学生还是非中文系的学生看了都会有收获,2022-02-16 10:29:29
238,天冬Asp,植物科普,[B站](https://space.bilibili.com/338235854),远志学,植物科普，风趣幽默,2021-01-19 00:00:00
239,心理,武志红,B站,汇来吧唧,武志红的视频都是精品, 
240,底层原理,毒品和药物,[B站](https://space.bilibili.com/26606146),流浪中的路人,我觉得可以让大家多多了解了解毒品和药物方面的知识, 
241,求职救星瑞秋姐姐,求职教育,[B站](https://space.bilibili.com/471151393),北大学长,很厉害的一个500强HR分享求职技巧,2021-02-08 00:00:00
242,备胎说车,汽车,[B站](https://space.bilibili.com/50063223),CNtei,比喻狂魔 论文说车,2021-12-15 21:39:58
243,碳十二,法学,B站,枫, ,2021-12-22 21:01:32
244,罗翔说刑法,法律,[B站](https://space.bilibili.com/517327498),碳十二, ,2021-01-15 00:00:00
245,GoldenEggs,游戏,[B站](https://space.bilibili.com/13337125),多折脑褶,主要以MC为载体做一些有意思的东西，视频互动游戏等,2021-12-20 02:50:48
246,蓝二烟,游戏,[B站](https://space.bilibili.com/7206526),多折脑褶,游戏解说,2021-12-20 02:54:27
247,森纳映画,游戏/军事,[B站](https://space.bilibili.com/1724598),CNtei,向真理和自由，无名的献身。《不止游戏》系列节目作者,2021-12-15 21:47:37
248,中医基础理论,潘毅,B站,绝尘ing,潘毅教授针对普通非专业认识出的中医基础理论，有助于自己及家人朋友的养生保健。,2022-03-06 15:02:07
249,爬行天下,爬行动物,[B站](https://space.bilibili.com/35853609),光脉之酒,楼主，爬行动物爱好者，致力于科普和保护爬行动物。,2021-12-17 20:33:55
250,沈奕斐,爱情/社会学,[B站](https://space.bilibili.com/349092963),略略,从社会学的角度向我们分析两性关系，可以让你在女性，在两性关系，在从爱情到婚姻的整个话题上都有很多的启发，帮助你打开对两性关系的想象,2020-01-16 00:00:00
251,HuangFuRen,物理,[B站](https://space.bilibili.com/23630128),sin,适合高一至高三,2021-02-08 00:00:00
252,萌萌战队,物理,[B站](https://space.bilibili.com/357669580),光脉之酒,激流区up主，用营销号的声音让营销号无路可走，留言终结者，“萌萌战队”这个名称和硬核的内容形成反差萌。（注：据说这个账号背后是一个神秘的团队）,2021-12-17 21:23:44
253,茂的模,物理/影视鉴赏,[B站](https://space.bilibili.com/485256303),光脉之酒,B站知名催眠区up主。高能物理，凝聚态物理，大统一之路，科幻小说，影视鉴赏。,2021-12-17 20:06:19
254,眼见为识,物理学硬核科普up,[B站](https://space.bilibili.com/430948380),斯巴达117士官长,视频长而质量极高，硬核科普，如果看不大懂就多看几遍，强烈推荐,2021-02-07 00:00:00
255,薛定饿了么,物理，数学,[B站](https://space.bilibili.com/44473221),萌萌哒的酸奶片,通过生动有趣的科普视频来介绍数学以及物理学中的各种深奥而又有趣的内容,2020-02-08 00:00:00
256,《洞察社会系列》,王小七Fire,[B站](https://space.bilibili.com/680677803),---boom,不定期带你深度思考某个社会事件，锻炼独立思维，杜绝人云亦云。,2022-02-13 22:37:58
257,猫盟CFCA,环境保护,[B站](https://space.bilibili.com/421653798),西风塞马,猫盟是国内做动物保护知名度比较高的民间组织，在这里可以看到野生动物保护的一些知识, 
258,纳米比亚海洋保护队,环境保护,[B站](https://space.bilibili.com/2014688638),西方塞马,在这里可以看到帮助海狮摆脱海洋垃圾困扰的工作日常，非常治愈！, 
259,方猫boom,生活用品科普,[B站](https://space.bilibili.com/138624168),西风塞马, , 
260,不务正业的李雷,生活科普,B站,赵阙, ,2021-02-09 00:00:00
261,生命中国,生物,[B站](https://space.bilibili.com/19553447),天気,转载很多生物类的相关课程，自己也会录一些视频。学生物的必关注的UP,2021-01-17 00:00:00
262,芳斯塔芙,生物,[B站](https://space.bilibili.com/72270557),_氧十六_,真的好看！,2021-01-15 00:00:00
263,萝王2号,生物/昆虫,[B站](https://space.bilibili.com/11264229),光脉之酒,昆虫学研究者，节肢动物和爬宠饲养者，讲述昆虫和自然的故事。,2021-12-17 20:37:11
264,酋知鱼,生物/物理/人文,[B站](https://space.bilibili.com/356399722),光脉之酒,一条在知识的海洋中溺水的鱼，从多元视角来探索世界，很有启发性。（注：转场BGM很魔性）,2021-12-17 20:54:46
265,生物dalao,生物专业课程,[B站](https://space.bilibili.com/199898430),milayna,目前接触到的最好的生物系统课程资源，大咖云集，头脑风暴，前沿汇集,2021-12-21 18:59:50
266,学生化的秃哥哥,生物化学,[B站](https://space.bilibili.com/358012574),南初Nancy,真的是一个宝藏博主 感觉很细心而且课程还挺有趣并且免费啊！！！,2021-12-16 22:03:00
267,生物化学online,生物化学,[B站](https://space.bilibili.com/646522988),sylvanaskk,讲得很好的小姐姐，虽然是考研生化但是对普通人了解身体机制也有帮助,2022-01-03 08:49:45
268,爱看报的Kris,生物医学,[B站](https://space.bilibili.com/405504949),光脉之酒,女装大佬，在美生物医学博士留学生，癌症、衰老领域大佬。（注：up主推荐区还有一个”有轶见的Kris“，请让他们在表格中相邻）,2021-12-17 20:14:57
269,唐老师讲电赛,电子信息工程硬件类实操,其他,我就一位刚刚入门普通工程师, , 
270,硬核麻将,电子音乐，编曲,[B站](https://space.bilibili.com/14321190),Alan FEVM,讲解很厉害的操作，深入混音，告别野鸡教程,2021-02-08 00:00:00
271,一钵盆景,盆景,B站,穗花婆婆,UP主主要讲述的是盆景的制作,2021-12-19 17:05:40
272,子小孙的老年生活,知识,[B站](https://space.bilibili.com/312098823),CNtei,致力于把所有粉丝都培养成文化流氓 <(￣︶￣)>,2021-12-15 21:00:24
273,碳十二,知识,B站,UID:1294084223, ,2021-12-17 00:35:04
274,碳十二,知识,B站,樱桃小伙子, ,2021-12-19 02:00:56
275,碳十二,知识,B站,过柱大王,很棒的分享,2021-12-18 21:53:27
276,心医林霖,知识区,[B站](https://space.bilibili.com/492808243),于阳阳阳阳,缓存区UP，强烈推荐，知识涉及到各个方面,2021-12-16 19:47:11
277,碳十二,知识普及,B站,夜猫子路过,了解有没有自己喜欢专业课,2022-01-02 15:28:11
278,我是江无情,硬核辟谣,[B站](https://space.bilibili.com/486633990/video),斯巴达117士官长,可以帮助各位揭开神秘谣言的真相,2021-02-07 00:00:00
279,-绅士法则-,礼仪,[B站](https://space.bilibili.com/1788918384),CNtei,你好，绅士！,2022-01-01 02:29:09
280,梁永安,社会,[B站](https://space.bilibili.com/699492406),CNtei,热爱大地，复旦大学中文系教授,2021-12-15 21:12:27
281,学院派Academia,社会学科普,[B站](https://space.bilibili.com/96639395),弦鱼,超长，一次爽到，社会学科普向,2021-01-16 00:00:00
282,社会设计在中国,社会设计,[B站](https://space.bilibili.com/511277177),Fantasy,央美子书老师组织的关于社会设计的系列讲座，是对这个方向的研究入门系列。目前还在持续更新中。,2021-12-26 23:53:13
283,碳十二,社科,B站,一叙, ,2021-12-29 06:03:58
284,大又元,社科/法律/心理,[B站](https://space.bilibili.com/149309196),多折脑褶,知识分享，书籍推荐，社会讨论，背景音乐易进心流,2021-12-20 02:11:01
285,马督工,社科人文/时政,[其他](https://space.bilibili.com/316568752),怎样起一个名字呢,这个人（或者说这个团队）争议很大，不过我还是推荐一下，他对于时政要闻的点评与分析，不能说一定正确，但是观点通常很新颖，可作参考（他没有课程）,2021-12-19 17:30:23
286,王木头学科学,神经网络与深度学习,[B站](https://space.bilibili.com/504715181/video),谢金方和,王木头以一个初学者的视角对神经网络的基本概念，工作模式与原理进行了深度的剖析与讲解，不仅传授神经网络的知识，更传授了如何接受新的，抽象的，难理解的知识，如何搭建知识体系。,2021-12-19 23:49:53
287,WhatOnEarth一探究竟,科普,[B站](https://space.bilibili.com/410527811),CNtei,有趣知识，文化故事，科技解释，尽在【一探究竟】,2021-12-15 21:27:45
288,_碳十二_,科普,B站,Yt,优质课程资源库, 
289,_碳十二_,科普,B站,t w l s h r, ,2021-12-16 11:48:54
290,_碳十二_,科普,B站,张豪豪, ,2021-12-17 20:22:06
291,up,科普,其他,123, ,2021-12-18 20:27:37
292,两颗熟李子,科普,[B站](https://space.bilibili.com/594380494),多折脑褶,硬核科普，通过多渲染引擎梦幻联动讲述一些复杂或难以理解的理论，虽视频产出较少，但每个都精彩，理工最爱,2021-12-20 02:32:41
293,严伯钧,科普,[其他](https://www.douyin.com/user/MS4wLjABAAAA6cLFP6uL4NmSxtnd9miQb-9S6GweLvikkmvKKFUT74A),15083426321,不止是科普作家☝🏻️||主要聊科学，偶尔聊文艺，,2021-12-23 18:36:45
294,司马南,科普,其他,112d, ,2021-12-20 16:12:49
295,听君一席课,科普,[B站](https://space.bilibili.com/36234806),多折脑褶,国内外大学课程分享,2021-12-20 01:58:18
296,幻海航行,科普,[B站](https://space.bilibili.com/193147738), , ,2021年1月18日14:20:21
297,所长林超,科普,B站,荔枝RIO,up主结合时事分析当前世界发展态势，逻辑清晰，思路明确，每次看完都感觉豁然开朗~, 
298,文曰小强,科普,[B站](https://space.bilibili.com/19456751), ,科普类小说导读||带你感受工业文学之美,2021年1月18日14:20:21
299,李永乐老师官方,科普,[B站](https://space.bilibili.com/9458053),杨辰逸,通俗易懂，严谨有趣,2021-12-25 15:20:52
300,杜滑滑,科普,B站,青蛙外婆,有很多好看的纪录片，IMAX、Netflix、探索频道、CCTV等~一起看起来呀, 
301,果壳,科普,[B站](https://space.bilibili.com/205631797),CNtei,果壳网官方账号,2021-12-15 21:35:02
302,柴知道,科普,[B站](https://space.bilibili.com/26798384),CNtei,好看不火的UP主柴柴,2021-12-15 21:28:56
303,毕导THU,科普,[B站](https://space.bilibili.com/254463269),_碳十二_,总之很有意思！,2021-01-14 00:00:00
304,猎手吧,科普,B站,青蛙外婆,有蛮多好看的有意思的纪录片，涉及的领域也很广，值得一看，可以学到很多知识~, 
305,画渣花小烙,科普,B站,47321330668_bili, ,2021-12-18 22:46:21
306,眼见为实,科普,B站,47321330668_bili, ,2021-12-18 22:41:49
307,碳十二,科普,B站,欧文阿, ,2021-12-19 15:38:09
308,秋雾雾,科普,[B站](https://docs.qq.com/sheet/DRU5MWHZCTHFGQnhM?tab=qb1sze),欣怡,很好,2021-12-19 10:49:18
309,科学声音,科普,[B站](https://space.bilibili.com/355126576),远志学,科普知识,2021-01-19 00:00:00
310,科普中国,科普,[B站](https://space.bilibili.com/92601724),CNtei,让科技知识在生活中流行,2021-12-15 20:32:27
311,科普中国官方平台,科普,[B站](https://space.bilibili.com/652531714),CNtei,中国科协官方账号,2021-12-15 20:37:17
312,纪录片之家字幕组,科普,B站,青蛙外婆,很多纪录片资源哦，且个人感觉这些纪录片还蛮小众的，精致的美, 
313,老龙山下的狐狸,科普,[B站](https://space.bilibili.com/98694531),阿威不会武功,懂得越多，未解之谜越少,2021-12-19 15:58:15
314,蔻享学术,科普,[B站](https://space.bilibili.com/518715663),多折脑褶,全科学术分享，APP内含各个报告会直播，产学研，此up在b站建设目前不完善,2021-12-20 01:43:33
315,视知,科普,[B站](https://space.bilibili.com/40277880),CNtei,理解复杂世界,2021-12-15 21:58:04
316,回到2049,科普/历史,[B站](https://www.bilibili.com/video/BV1EY411W7D7),喜欢你的狮子,民族脊梁：鲁迅,2021-12-21 15:40:57
317,回到2049,科普/社会/历史/,[B站](https://space.bilibili.com/58617276),大齐,思维启发，多种思考角度。,2021-12-23 18:28:42
318,历史启示录,科普、历史,B站,青蛙外婆,详细分类介绍了很多个国家的历史（纪录片的形式），可以进主页找一下有没有感兴趣的~, 
319,思维实验室,科普、历史、生物,B站,47321330668_bili, ,2021-12-18 22:39:05
320,技术研究院,科普、电气技术知识、技能培训、自动化知识,[B站](https://space.bilibili.com/505804338),https://space.bilibili.com/505804338,ABplc讲的不错，直播内容解答详细！后续会退出更多技能方面的免费知识。,2022-01-03 00:59:21
321,小宇Boi,科普搞机,B站,47321330668_bili, ,2021-12-18 22:47:00
322,吟游诗人基德,科普生物学、地理学、金融等等类别,B站,47321330668_bili, ,2021-12-18 22:45:12
323,灰细胞,科普生物学知识,B站,47321330668_bili,有些（很多）视频看会脸红☺,2021-12-18 22:43:30
324,老K的无聊杂谈,科普类up,[B站](https://space.bilibili.com/2066911559),black_xiu,"主要讲中国自建国以来的几场工业,科技,经济领域的崛起,能让人看的热血沸腾",2021-12-19 18:15:57
325,理工男验光师商思林,科普，分享心得,[B站](https://space.bilibili.com/437446622),卖橘子的名字,他给大家提供了一些程序的相关心得以及经验【当时查嵌入式的时候查到的】是一位学习力很强的老师👍,2021-12-29 20:41:57
326,陆铭教授,空间经济学，计量经济学,[B站](https://space.bilibili.com/508835396),还和你说,强烈推荐其《大国大城》一书！！！,2021-02-08 00:00:00
327,知识课代表,笔记,[B站](https://space.bilibili.com/556704202/article),多折脑褶,记罗老师、兔妈、狐主任的笔记，给出一种b站笔记的实用方法,2021-12-20 03:14:38
328,奇客张小呆,笔记、学习类,[B站](https://www.bilibili.com/video/BV19E411y7b2),五姨,乍一看可能有点浮夸，但是当初他指导着改笔记的视频确实给了我很多启发，包括对费曼学习法等的讲解，让我在学习计划的安排上有了新的认识,2021-12-20 16:28:31
329,动画讲编程,算法以及计算机语言,[B站](https://space.bilibili.com/526619673),假动作丶False,用动画讲编程，非常有意思且易理解,2021-02-07 00:00:00
330,女王泡面,红楼梦人物解说,[B站](https://space.bilibili.com/2539073),且月,女王泡面真的是对红楼梦的人物剖析很有意思，让你get到绝对不一样的红楼,2021-12-28 16:45:06
331,哔哩哔哩纪录片,纪录片,B站,青蛙外婆,纪录片的资源非常多~打开它，就看见了更大的世界，喜欢探索的小伙伴，冲鸭, 
332,青蛙刀圣_1993,经典电影、小说结合现实、历史后的深度解读，。,[B站](https://space.bilibili.com/17588331),王权予之,相信我，绝对能在趣味中学到很多知识。（灵魂画手，看了就知道什么意思）, 
333,经济研究室-祈祷,经济,B站,星海的游吟诗人,目前在做经济类巨著的解读，也有在讲中国古代的经济思想，我一个外行人感觉受益匪浅,2021-01-18 00:00:00
334,Krenz官方账号,绘画,[B站](https://space.bilibili.com/181578039),小皮球菌, ,2021-02-07 00:00:00
335,k大,绘画,B站,于笙, ,2021-12-18 02:23:21
336,画画的Angela,绘画,[B站](https://space.bilibili.com/411442559),小皮球菌, ,2021-02-07 00:00:00
337,Ksr桑,绘画教学,[B站](https://space.bilibili.com/1848018),小鳥遊ＬＦ,很有趣的一个up主 画画技术也是非常厉害的 有兴趣的小伙伴可以康康,2021-02-08 00:00:00
338,画画的番木,绘画教学,B站,一芽二哟哦,一个超级好的绘画教学博主！入门自学画画的可以去康康: https://b23.tv/C4eUeC 我是这个视频入坑的,2021-02-08 00:00:00
339,正月点灯笼,编程,B站,Thello,尽管计算机和编程什么的跟我自己的专业顶多半毛钱关系，但是我觉得他讲东西和解释都非常清楚，有时甚至都觉得我看上瘾了。,2021-02-07 00:00:00
340,轻松的小希,编程,[其他](https://blog.csdn.net/qq_38490457/article/details/108281646),笨笨就喜欢这样的你,Java后端这种知识总结一篇就够,2021-01-17 00:00:00
341,韩顺平,编程,[B站](https://www.bilibili.com/video/BV1fh411y7R8),一入辕门深四海,无论是编程小白还是初级开发都非常适用,2021-12-18 08:38:17
342,鱼C-小甲鱼,编程,[B站](https://www.bilibili.com/video/BV17s411N78s),htfc786,very good，篇向c语言初学者,2022-01-01 15:26:06
343,刑法学,罗翔,B站,843022356@qq.com, ,2022-02-03 22:34:01
344,程十安,美妆,B站,嗯,看就对了,2021-12-18 12:52:09
345,婆婆町,翻译,[B站](https://www.bilibili.com/video/BV1ib411t7YR),河边洗脚人,声译3B1BUp的视频，给我这种英盲提供了很大的帮助,2021-12-23 22:17:32
346,2个视频所有都好,老奇好好奇,[B站](https://www.bilibili.com/video/BV1fq4y1g7hq),韩萧521,up主深根通信领域4个月调研了华为关于5G的极化码背后的故事，并用通俗易懂的方式让我们听懂。也可以用他的思路快速了解一个领域，强烈推荐！！！第一个视频700多万播放量,2022-03-18 23:11:28
347,空卡空卡空空卡,考研,[B站](https://space.bilibili.com/16671656),有才华的赵小黑,卡子姐知识区考研UP主，从考研准备初期一直到最后“肖四阶段”给出实用的复习建议，全覆盖全方位全链条的帮助考研同学解决一切考研问题，这是考研同学的主心骨，人美心善的“大”姐姐！,2021-12-29 11:58:10
348,鹅姐职场,职场,[B站](https://space.bilibili.com/109606796),Jimlin,干活满满的职场up主，应届生可以通过这个提前了解和学习，职场老油条可以反思自己的职业生涯，人总是需要有别人提醒你改进的。, 
349,王一快,职场/法律,[B站](https://space.bilibili.com/46394862),今年要上岸！,在校或是刚入职场的UU们，这位宝藏up主你值得拥有，有趣搞笑又干货满满，教你职业选择，传授职场技巧！, 
350,阪神电车,自体心理学,[B站](https://space.bilibili.com/527581294),CNtei,自体心理学解读,2021-12-15 21:06:07
351,杨真直,自制力，管理，学习，习惯，拿高分，,[B站](https://space.bilibili.com/547173382),无聊の暮庆, ,2021-02-07 00:00:00
352,李船长笔记,航海,[B站](https://space.bilibili.com/496070561),圍觀人類,航海知识科普，漂洋过海看世界，各国真实游记,2021-12-22 11:11:49
353,谢拉克洛瓦,艺术建筑,B站,谢不肉,b站最好的艺术博主！文案超级棒！快来关注！, 
354,小明同学不懂艺术,艺术，尤其是美术画作,[B站](https://space.bilibili.com/548968293),憨厚的羞涩长耳兔,带你追本溯源一些画作的历史故事，揭开他们的真正面目, 
355,游戏史,芒果冰ol,[B站](https://space.bilibili.com/617285),P_M_sky,学到很多关于游戏的知识，对想从事游戏行业的人有帮助,2022-02-05 10:54:30
356,Carrie王脑思,英语,[B站](https://space.bilibili.com/471737270),小皮球菌, ,2021-02-07 00:00:00
357,FanfaniShare,英语,B站,刘乐嘉Leo,在美国教英语的中国人，说得一口非常好听的英音,2021-12-26 14:27:36
358,Lucy,英语,B站,小皮球菌,跟着美女Lucy学英语 （中英字幕）,2021-02-07 00:00:00
359,Nickcen英语课堂,英语,B站,柳安,我直到毕业英语都没学明白，在这听明白了，没有英语体系、英语基础很差、英语小白的朋友可以看看，视频基本都2小时以上，但都很值得听,2021-12-27 20:03:03
360,佛系考试君宝宝,英语,[B站](https://space.bilibili.com/27767606),维瓦尔第, ,2021-12-25 11:12:32
361,八哥smile,英语,[B站](https://space.bilibili.com/384234870),哼文,疯癫和逗比的风格, 
362,哈佛雪梨,英语,B站,刘乐嘉Leo,哈佛大学语言教育硕士，原流利说教研负责人，非常好听的英音,2021-12-26 14:23:46
363,英语兔,英语,[B站](https://space.bilibili.com/483162496),Timeless,在英语语音方面极好，学英语必看,2021-01-18 00:00:00
364,英语兔,英语,[B站](https://www.bilibili.com/video/BV1r54y1m7gd),不染,宝藏, 
365,英语兔,英语,[B站](https://space.bilibili.com/483162496),天気,提高口语水平的基础课——音标课讲的很好，能帮助找出平时发音不标准的地方并改正,2021-01-18 00:00:00
366,英语兔,英语,B站,没钱买茶叶蛋和榨菜的小汤,英语的基础音标课,2021年二月二日
367,麻婆地,英语,B站,刘乐嘉Leo,B站认证，英式发音非常棒,2021-12-26 14:25:38
368,coachshane,英语学习,[B站](https://space.bilibili.com/473051410), ,"学习英语daily diction 必看,讲课生动有趣,口技大师,表演家,三观很正",2022-10-21 00:00:00
369,小榮君,英语学习,[B站](https://space.bilibili.com/385183602),Sam老师,通过美剧学英语，事半功倍。up主视频制作精良，便于观看和学习。,2021-12-16 07:32:11
370,英语的平行世界,英语学习,B站,游余,英语的知识覆盖面全，有基础讲解，也有高级的语法, 
371,英语的平行世界,英语语法教学,[B站](https://space.bilibili.com/388576777),英语的平行世界,很棒的英语教学我最喜欢英语的基础语法教学！！！,2021-12-24 07:05:41
372,sky92昙,西班牙语,[B站](https://space.bilibili.com/5548363/channel/detail),sky92,新现西的教材讲解，还在持续更新,2021-02-11 00:00:00
373,冰糖雪梨Cherie,西班牙语,[B站](https://space.bilibili.com/66782324),sky92,上海某IB国际学校商管和西语老师，有篇A2难度语法讲的很好,2021-02-11 00:00:00
374,碳十二,要知识,B站,w万一y, ,2021-12-26 08:22:10
375,《用AE做个酷酷的动画，duik16高级动画案例》,视频设计师MG先生,B站,潇主播,AE里的duik插件L2D动画制作非常浅显易懂！MG动画商业案例也不错,2022-02-13 00:15:41
376,BkbK-,计算机,[B站](https://bokai.blog.csdn.net/),鬼谷良师, ,2021-02-09 00:00:00
377,CodeSheep,计算机,[B站](https://space.bilibili.com/384068749),kierin, ,2021-12-27 12:28:31
378,小黑课堂计算机二级,计算机二级MS Office,[B站](https://www.bilibili.com/video/BV1YV411a7o7),顾我心安,要考计算机的同学们可以去听一下, 
379,古城算法,计算机算法,B站,Wu F.E.3的,数据结构和算法，讲得很好,2021-08-20 00:00:00
380,SchelleyYuki,计算机编程,[B站](https://space.bilibili.com/2630977),Tristesse_STK,Schelley姐会分享对于计算机编程方面的知识与心得，给我的感觉非常专业，语言与动作的表达让人很舒服，而且能感觉到都是自己消化出来的，并非网上东抄西抄的。个人认为比较适合想要转专业到计算机领域的人。,2021-02-08 00:00:00
381,IDJ小九九,设计,[B站](https://space.bilibili.com/453406733/video),小皮球菌, ,2021-02-07 00:00:00
382,KurTips,设计,[B站](https://space.bilibili.com/225179867/video),小皮球菌, ,2021-02-07 00:00:00
383,YouTube设计精选,设计,[B站](https://space.bilibili.com/281708245),小皮球菌, ,2021-02-07 00:00:00
384,oooooohmygosh,设计,[B站](https://space.bilibili.com/38053181),多折脑褶,通过自己的理解讲述设计，清晰明了,2021-12-20 02:17:09
385,oooooohmygosh,设计,[B站](https://space.bilibili.com/38053181),小皮球菌, ,2021-02-07 00:00:00
386,王M争,设计,[B站](https://space.bilibili.com/20364476),小皮球菌, ,2021-02-07 00:00:00
387,设计与思考Design &Thinking,设计,B站,小皮球菌,2018.4.12 《设计与思考》是一部在探讨「设计思考」(Design Thinking)的纪录片。它的制作团队，是由Muris缪思以及台湾创意设计中心旧金山分部所组成。他们在2011年认识并一起合作，以创新拍片的方式完成电影，并在全球巡回播放。2013年，该团队又合力制作了第二部国际纪录片-Maker《自造世代》，是一部在探讨自造者运动的纪录片，也再度成功于Kickstarter募款拍片,2021-02-07 00:00:00
388,设计师的睡前毒物,设计,[B站](https://space.bilibili.com/606305397),小皮球菌, ,2021-02-07 00:00:00
389,工业设计,设计拆想,[B站](https://space.bilibili.com/526503131),紫小圣,产品拆解过程中，理解设计的想法。【up的自我介绍】,2022-04-12 10:56:28
390,大连老师王博文,评论年轻人常遇到的社会现象,B站,四叶草, ,2021-12-18 19:35:00
391,戴建业老师,诗词,[B站](https://space.bilibili.com/532741557),_碳十四_,打开新世界大门,2021-01-14 00:00:00
392,高盛元,诗词,B站,341028075,讲的超级好，耳熟能详的唐诗其实别有洞天，不愧是经典诗词,2021-12-16 17:39:02
393,AndrewCap,语言,[B站](https://space.bilibili.com/481936705),全网最黑,安安老师的日常口语视频非常的有意思,2021-12-23 14:17:37
394,tonypt,语言,[B站](https://space.bilibili.com/24486177),远志学,印欧语言学，吐火罗语，吠陀梵语，荷马史诗,2021-01-19 00:00:00
395,这是morty,财经知识,[B站](https://space.bilibili.com/393260578),不知道几碗粥,讲解了许多财经类的知识和一些自身人生的感悟,2021-01-23 00:00:00
396,统一的奸商之路,赚钱,[B站](https://space.bilibili.com/8420618),乾先生,你在学校学不到的赚钱技术，他真的能教你,2021-01-21 00:00:00
397,GenJi是真想教会你,软件,[B站](https://space.bilibili.com/49746395),榫卯先生, ,2021-12-17 14:43:53
398,我是江无情,辟谣up,[B站](https://space.bilibili.com/486633990), ,辟谣UP主，教科文相关谣言看看他这里有没有,2021年1月18日14:20:21
399,一婶是Ethan,达芬奇调色剪辑教程,B站,唐德勒,真正用心讲软件剪辑调色思路而不是讲如何花里胡哨炫技，每期必看up主, 
400,白花恋诗彩,通识科普,B站,小斯,十分钟速成课系列相当不错,2021-06-12 00:00:00
401,碳十二,都可以,B站,Y, ,2021-12-19 15:55:40
402,北京青年x凉子访谈录,采访类,[B站](https://space.bilibili.com/496688267),许zy,许多人的访谈，或顺利或坎坷，每次难过的时候看一看都会重新得到力量,2021-01-17 00:00:00
403,懋修,金融,B站,641575787, ,2021-12-18 10:48:30
404,柳行长,金融,[B站](https://space.bilibili.com/23326926),CNtei,抬杠区UP主，气人up主,2021-12-15 21:49:13
405,致W,韩语教学,[B站](https://www.bilibili.com/video/BV1nJ41127Bz),枣早早,有500+节课，时长几分钟到四十几不等，零基础，如果学完了不知道有多nb, 
406,AnProphet,音乐,[B站](https://space.bilibili.com/291019266/video),liang_nice,编管弦乐教学,2021-12-18 22:56:32
407,GC伊格尼斯,音乐,[B站](https://space.bilibili.com/68048227),ly6170,良心up主，就是会拖更，开车，车速较快,2021-12-18 22:55:18
408,作曲奥校-陈文戈,音乐,[B站](https://space.bilibili.com/10348238),西瓜皮与勇士,”作曲理论日新月异，奥校助你一臂之力~“,2021-12-31 00:58:21
409,周末音乐,音乐,[B站](https://space.bilibili.com/246662574),多折脑褶,音乐制作等,2021-12-20 02:59:32
410,臧无尤,音乐,[B站](https://space.bilibili.com/11252239),多折脑褶,最开始入坑是教你如何写一首花粥式民谣《头盔》有内容有反思，浅显易懂的解构,2021-12-20 03:06:15
411,蝙蝠音乐,音乐,[B站](https://space.bilibili.com/18387300),liang_nice,midi音乐制作与效果器方面的使用，还有很多编曲软件的教学，同时还有很多国外熟肉视频,2021-12-18 22:49:57
412,音樂家的無聊人生,音乐,[B站](https://space.bilibili.com/1794321502),CNtei,這個頻道跟你分享如何體驗音樂，讓你跟音樂不再有距離!,2021-12-15 20:35:50
413,刘少伟教授,食品安全,[B站](https://space.bilibili.com/515059146),CNtei,美国宾夕法尼亚州立大学食品安全博士，美国堪萨斯州立大学博士后,2021-12-15 20:34:48
414,学过石油的语文老师,高中,B站,逆时空军,在这里你可以学到最快乐的语文课,2021-12-18 00:58:52
415,一数,高中数学（从零开始基础课程）,[B站](https://www.bilibili.com/video/BV147411K7xu),悟昼,极其适合数学基础需要巩固的同学。虽然很难听，但是把人当傻子的课有时才符合需求。,2021-12-18 10:20:40
416,HangFuRen,高中物理,[B站](https://space.bilibili.com/23630128),小鳥遊ＬＦ,主要为高中物理 讲的很细 可以当作课后的温习,2021-02-08 00:00:00
417,郭爷物理,高中物理竞赛/大学物理,[B站](https://space.bilibili.com/149335520),metaphysica,物理讲得十分生动清晰的一位老师，无论是学高考物理还是物理竞赛、甚至大学物理，都可以听他的课。,2021-12-19 00:34:34
418,宋浩老师官方,高数,[B站](https://space.bilibili.com/66607740),每天都要努力鸭,数学课很有趣，比较容易接受,2021-01-16 00:00:00
419,树林同学-,高考 大学成长 心理学,[B站](https://space.bilibili.com/373103803),亦辰lemon,强烈推荐！关注树林学长两年多了，最开始是从知乎过来的。树林学长是一个不可多得的宝藏UP主，尤其针对高三党和大学生最系统的学习方法论和心理成长认知都在这里喔。欢迎大家成为“地瓜”们的一员，在树成林与万木行里面，有许多优秀的uu与你一起共同成长。,2021-12-20 00:48:36
420,树林同学-,高考 大学生成长 心理学,[B站](https://space.bilibili.com/373103803),亦辰lemon,推荐高考生看看高考百天冲刺450到684的那个视频，大学生可以看看其它心理学的视频，真的会有很大收获的。,2021-12-21 21:33:21
421,取景框看世界,高考志愿、大学成长,B站,（─__─）, , 
422,Free高考英语,高考英语,[B站](https://space.bilibili.com/2742391),我以诗心化我心,高中英语跟他就完了，新东方名师，18年高考英语教龄。课程适合所有学生。关键是老师还非常关心同学。,2021-12-18 21:03:29
423,国家玮-开明致学,高考语文,B站,放羊,北大中文系的博士——国家玮，十分生动形象，脱口2倍速，问题很通俗也很深刻，直达病灶！,2021-12-31 18:06:49
424,智能路障,鲁迅,B站,inm小顾,视角独特，引人深思,2021-01-15 00:00:00
425,智能路障,鲁迅,[B站](https://space.bilibili.com/79577853),我是初墨我姓熊,鲁迅生平，以及鲁迅著名作品栏目,2021-02-07 00:00:00
