index,推荐课程名称,老师（博主）名称,推荐课程对应领域,平台及链接,推荐人ID,推荐理由,推荐日期
0,《0基础乐理教程（35小时+）》,B站ID：乐球网, ,[B站](https://www.bilibili.com/video/BV14x411s7KZ),逍遥,入门级教程，轻松愉快的课堂,2021-01-19 00:00:00
1,《3D-max软件详细教程（73小时+）》,B站ID：CAD室内设计, ,[B站](https://www.bilibili.com/video/BV14Q4y1T7XH),逍遥,非常3Dmax软件操作教程，以及灯光、材质、渲染等理论原理知识,2021-01-19 00:00:00
2,《5分钟教你做视觉小说／galgame》,凉宫春日应援团, ,[B站](https://www.bilibili.com/video/BV1gZ4y1K7Y9),烟雨休,推荐推荐，支持支持，up手把手教学，无偿提供软件工具,2021-02-07 00:00:00
3,《7分钟学会日语声调》,喵宝日语, ,[B站](https://www.bilibili.com/video/BV1Nx411C7fc),烟雨休,适合日本语入门，漫画讲解，速记日本语声调，记忆方法很简单，只是up普通话怪怪的，一定要坚持听完弄懂啊,2021-02-07 00:00:00
4,《AE软件详细教程（66小时+）》,B站ID：教AE的李老师, ,[B站](https://www.bilibili.com/video/BV1Vt411d7or),逍遥,全网最推荐的一套AE软件教程,2021-01-19 00:00:00
5,《AI软件详细教程（11小时+）》,B站ID：柴大丰老师, ,[B站](https://www.bilibili.com/video/BV1ox411f7tA),逍遥,适合想往平面设计方向的朋友学习，配合CDR更佳,2021-01-19 00:00:00
6,《C4D软件基础详细教程（9小时+）》,B站ID：辉辉讲设计, ,[B站](https://www.bilibili.com/video/BV1zx411976G),逍遥,逐步讲解C4D软件操作，内容详细,2021-01-19 00:00:00
7,《C4D软件进阶教程（16小时+）》,B站ID：李翔SCU, ,[B站](https://www.bilibili.com/video/BV177411P7d1),逍遥,共计10个设计案例，会基础的可忽略基础讲解部分，重在设计方面,2021-01-19 00:00:00
8,《CAD软件详细教程（291小时+）》,B站ID：达内官方账号, ,[B站](https://www.bilibili.com/video/BV1df4y1C7om),逍遥,不只是CAD，还有相关的PS、AI、3Dmax等软件基础教程，以及CAD行业相关知识,2021-01-19 00:00:00
9,《CDR软件详细教程（16小时+）》,B站ID：昊哥5705, ,[B站](https://www.bilibili.com/video/BV1AJ411x7uf),逍遥,内容详细、适合0基础，还附带广告设计类知识,2021-01-19 00:00:00
10,《Davinci教程》,影视飓风, ,[B站](https://www.bilibili.com/video/BV1B7411A7M1),TrueheartViana,达芬奇系列教程，系统讲述剪辑流程，还有素材可以练手,2021-02-08 00:00:00
11,《IT必听大佬(菜鸡敢这样去名字？)》,Frank_fuckppt, ,B站,Sobriety,通俗易懂，打破传统教学，重视思维提升，up本身十分优秀,2021-01-17 00:00:00
12,《Java/C/Unity等系列教程》, , ,[B站](https://space.bilibili.com/6708009), ,一个b站up的半收费软件和编程教学，可看的视频中有部分隐藏，去up的网站可以收费观看,2021-02-24 00:00:00
13,《JavaSE》,动力节点, ,[B站](https://www.bilibili.com/video/BV1Rx411876f),我想吃肉,适合零基础的小白，老师讲的很基础,2021-02-07 00:00:00
14,《JavaSE编程》,尚硅谷, ,[B站](https://www.bilibili.com/video/BV1Kb411W75N),十六夜净土,非常好的Java入门教程，适合新手小白,2021-01-16 00:00:00
15,《JavaSE编程》,尚硅谷, ,[B站](https://www.bilibili.com/video/BV1Kb411W75N),十六夜净土,非常好的Java入门教程，适合新手小白,2021-01-16 00:00:00
16,《Lr教程 （上）》,秋凉, ,[B站](https://www.bilibili.com/video/BV17s411K7VX),海不咸但甜,老师讲得很细致很耐心，不但知其然，更知其所以然。虽然一开始会觉得老师讲的没什么用，但是老师是在帮我们一点点地打好基础。而且老师讲得很好，绝对的深入浅出！,2021-02-08 00:00:00
17,《Lr教程 （下）》, , ,[B站](https://www.bilibili.com/video/BV1Ab411E7sq), ,老师讲得很细致很耐心，不但知其然，更知其所以然。虽然一开始会觉得老师讲的没什么用，但是老师是在帮我们一点点地打好基础。而且老师讲得很好，绝对的深入浅出！, 
18,《PS、PR、AE、AI、AU等多种软件系统性基础教学。》,OEASY, ,[B站](https://space.bilibili.com/2884629),弱水无音,UP是中国传媒大学的老师吧，讲的比较仔细，很有上课的氛围，哈哈。老师自己的兴趣挺广泛的，里面有很多软件的基础课程，很适合自学。老师也有给素材，方便练习,2021-01-20 00:00:00
19,《Pr软件详细教程（7小时+）》,B站ID：贝塔珐, ,B站,逍遥,适合0基础完全不会的入门,2021-01-19 00:00:00
20,《Studio One 4软件详细教程（2小时+）》,B站ID：莱音喵STUDIO, ,[B站](https://www.bilibili.com/video/BV15t411C7Qr),逍遥,Studio One教程，混音调音专用,2021-01-19 00:00:00
21,《VRay3.0教程 | 材质 | 灯光 | 渲染》,琅泽老高, ,[其他](https://www.langze.net/course/3),无纹西瓜,从原理上进行解析的系统vray教程，系统系统系统，重要的事情说三遍,2020-02-07 00:00:00
22,《java全栈》, , ,[B站](https://www.kuangstudy.com/), ,B站up主所建网站，帮你把学习的顺序都处理好了，学就是了,2021-03-01 00:00:00
23,《mindmanager使用教程》,檀东东Tango, ,[B站](https://space.bilibili.com/14739873/channel/detail), , ,2021-08-15 00:00:00
24,《ps、pr、ae等》,doyoudo, ,B站,浅淡cccc, ,2021-02-08 00:00:00
25,《python》,凸头统治地球, ,[B站](https://www.bilibili.com/video/BV1m54y1r7zE),放酱啊噗啊噗,绝对是最棒的python入门课程！,2021-01-26 00:00:00
26,《python基础、办公自动化、网络爬虫》,B站ID:孙兴华zz, ,[B站](https://www.bilibili.com/video/BV1HE41157bu),客服爹,从python入门到应用很全的,2021-02-08 00:00:00
27,《【哈佛大学公开课】幸福课（积极心理学）【心理学】》,TalBen Shahar, ,其他,杨絮不吃苦瓜,我最近不太快乐，甚至有点痛苦，这一套课程把我从糟糕的情绪困境里拉出来了。它确实让我变得更加幸福。我愿意称呼它为人生必看的课程。,2021-02-07 00:00:00
28,《【钢琴】哈农钢琴练指法课程》, , ,[其他](https://www.bilibili.com/video/BV1FU4y1s7Lm), ,老师讲得巨细致，从零基础开始，学习钢琴必听！, 
29,《【钢琴】拜厄钢琴基本教程》, , ,[其他](https://www.bilibili.com/video/BV1Yr4y1A7N9), ,老师讲得巨细致，从零基础开始，学习钢琴必听！, 
30,《一个分享高效工具与思维的博主》,topbook, ,B站,余慕雪, ,2020-02-09 00:00:00
31,《专业化妆造型师培训（持续更新中）》,专业化妆师培训, ,[B站](https://space.bilibili.com/1100529315),神奇的柯老师,持续更新完整的化妆师专业课程，适合从零基础开始或以上的各种人群入门,2021-02-24 00:00:00
32,《中国古代历史文献研究讲座》,李董男, ,[B站](https://www.bilibili.com/video/BV1cQ4y1T7zD),远志学,没有集合散版，蛮不错,2021-01-19 00:00:00
33,《书法》,香矢车菊, ,B站,不系之舟,从工具到方法，很详细，附赠字帖资源,2021-01-17 00:00:00
34,《了解音乐（非专业学习）》,孤山聊艺术, ,[其他](http://xima.tv/AnIOt4?_sonic=0), ,了解、感受、热爱音乐（开始收费了，但免费部分完全够听）, 
35,《佛教哲学》,闲者知无涯, ,[其他](http://xima.tv/POlER7?_sonic=0),真永,严谨的学术路线 系统的佛教哲学 脱离宗教的束缚 看到另一种独特的世界观,2021-01-22 00:00:00
36,《做手工（里面折玫瑰花超好看）》,Lucy工艺坊, ,B站,努力腌自己的盐巴罐子, ,2021-01-27 00:00:00
37,《像素画头像制作教程》,蓝雾月夜, ,[B站](https://www.bilibili.com/video/BV1r7411Z7rT),烟雨休,做头像可以的，做好萌萌哒，羡煞朋友圈，我做了个半成品，实在太懒啊哈哈，有蓝牙鼠标可以连手机，或者开模拟器，鼠标好用,2021-02-07 00:00:00
38,《初学日语》,研习社饼干老师, ,[B站](https://www.bilibili.com/video/BV1C54y1x7ap),动漫男主百鬼,日语自学，目前我也在学,2021-02-02 00:00:00
39,《初学日语》,B站：一数儿, ,[B站](https://space.bilibili.com/512049732),炒鸡无敌粉碎机,2020的，难以置信视频质量极高，通俗易懂多方位贯通，学渣拯救者，开局一张白板知识全靠写,2021-02-04 00:00:00
40,《各种软件教学网站》,网站：我要自学网, ,其他,炽雁,汇聚各类软件的视频教程（eg：CAD 3Dmax PS等软件），类别清晰，分类齐全，质量总体不错，个别课程需要付费,2021-01-20 00:00:00
41,《尤克里里自学入门弹唱教学》,趣弹音乐尤克里里, ,[B站](https://www.bilibili.com/video/BV1Kx41147iq),巫术的分类,过于简单易学，没别的理由了。免费的弹唱和指弹课程,2021-02-08 00:00:00
42,《建筑CAD（AutoCAD2014）》, , ,其他, ,讲的基本功能和很多知识点，十分详细，零基础可以学，主要讲机械制图，但土建也可以听, 
43,《影视制作/影视视频相关》,影视飓风, ,B站,好奇的小雷同学,一系列达芬奇教程、影视制作科普、干货超多,2021-01-18 00:00:00
44,《影视后期、nuke》,吕馆长LvGuan, ,[B站](https://www.bilibili.com/video/BV1cf4y1X7zG),悠二二,少有的nuke课程,2021-02-09 00:00:00
45,《微信公众号推文编辑＋排版教程》,CYY-yyyy, ,[B站](https://www.bilibili.com/video/BV1Gx41197Bt),烟雨休,社团企划部入职第二天竟被要求做公众号推文，那天全靠它救命,2021-02-07 00:00:00
46,《心理学》,TalBen Shahar, ,其他,djksks, ,2021-01-31 00:00:00
47,《恋爱情感》,晨哥真有料, ,[B站](https://www.bilibili.com/video/BV1rv411e7o9),傻李娃,如何恋爱,2021-02-08 00:00:00
48,《搜索引擎技巧》,蜡笔和小勋, ,[B站](https://www.bilibili.com/video/BV1YK4y1t7bg),烟雨休,八个技巧助你快速查资料，社工必备？？？？？,2021-02-07 00:00:00
49,《新标日本语初级精讲》,葉子先生酱, ,[B站](https://www.bilibili.com/video/BV1es41127PE),烟雨休,小葉老师活泼可爱，讲解细致，气氛活跃,2021-02-07 00:00:00
50,《日本概况》,老魏的日语角, ,[B站](https://www.bilibili.com/video/BV1Ra4y1t7xE),放酱啊噗啊噗, ,2021-01-26 00:00:00
51,《日语听力一文四听》,芥末日语, ,[B站](https://www.bilibili.com/video/BV1go4y1d7gb),linhanghao,听力练习方式很棒！常更新,2021-01-31 00:00:00
52,《普通话发音（播音主持）》,泽小水, ,[B站](https://space.bilibili.com/4312108),浅淡cccc, ,2021-02-08 00:00:00
53,《最脍炙人口的古典音乐Top100（全曲版）（完坑）（进度：100%！）(修复中》,B站id：南斗第六星, ,[B站](https://www.bilibili.com/video/BV1ux411c7Vj),小肥皂,提升对古典音乐感知,2021-02-09 00:00:00
54,《汉语言文学、诗词》,南开大学叶嘉莹老师, ,[B站](https://www.bilibili.com/video/BV1D54y1s7fA),Liver,叶嘉莹先生的中华诗词讲,2021-02-09 00:00:00
55,《泰语入门》,和Leo学泰语, ,B站,关钟鹏的甜心儿,老师讲得巨细致，从零基础开始，学习泰语必听！课本是《基础泰语》，目前《基础泰语2》已更新完。,2021-02-09 00:00:00
56,《流行声乐自学教程》,Da老师, ,[B站](https://www.bilibili.com/read/cv9300480),fan19zju,Da老师的流行唱法教程是一整套讲下来而且全部免费的，教的很详细很认真，是真的可以提高声乐水平的课程,2021-02-21 00:00:00
57,《涵盖中高考相关课程》,好慕课, ,[其他](https://haomooc.com/),澹月骑,由北京重点中学教师提供的各科目的公开免费课程，网站提供视频下载，个人正在高三备考，感觉不错，对于高中知识有一个系统化梳理。,2021-01-21 00:00:00
58,《混音教程（3小时+）》,B站ID：面包音乐, ,[B站](https://www.bilibili.com/video/BV18J411g7jX),逍遥,混音初级教程，能带你入门，但仍需多练,2021-01-19 00:00:00
59,《混音教程（多视频）》,B站ID：谢小啵JunjSix, ,[B站](https://www.bilibili.com/video/BV1u7411t7tc),逍遥,混音初级与精深教程,2021-01-19 00:00:00
60,《爱情》,沈奕斐, ,[其他](https://www.icourse163.org/course/FUDAN-1205701807),Djksks, ,1905-07-13 05:02:24
61,《现场急救》,郑莉萍等, ,[其他](http://mooc1.chaoxing.com/course/213962074.html),落花似人流水,必备现场急救知识，当然，希望大家用不上。之前有幸上过郑教授的课，讲得挺好。,2020-02-07 00:00:00
62,《社会学概论》,卢晖临, ,[其他](http://open.163.com/newview/movie/courseintro?newurl=MDPROOG8D),猫不吃小鱼干, ,2021-01-20 00:00:00
63,《科技圈知识普及》,极客队长, ,B站,与风同饮,讲解通俗有趣,2021-01-17 00:00:00
64,《素描入门》,艺格画苑, ,[B站](https://www.bilibili.com/video/BV17t41117zH),淡定淡定608, ,2021-02-08 00:00:00
65,《绘画（水彩）》,B站ID:常想一二––, ,[B站](https://space.bilibili.com/6238022),常想一二,看老师画画也特治愈,2021-01-20 00:00:00
66,《绘画（油画棒）》,我是yadoo, ,[B站](https://www.bilibili.com/video/BV17i4y1E7Ks),烟雨休,油画棒20种新技法，干货满满，新手必备,2021-02-07 00:00:00
67,《编剧实战型学习》,查理老师的编剧课, ,[B站](https://www.bilibili.com/video/BV1eE411F73t),海茉,作为一个编剧课，上手入门是十分优秀的。写小说也好，写剧本也好，看着不亏,2021-01-27 00:00:00
68,《罡渡晨星AE-Plexus粒子全析教学32节》,罡渡晨星, ,[B站](https://www.bilibili.com/video/BV1Nx41117tb),无纹西瓜,手指舞看起来酷炫，做起来简单，我最喜欢,2020-02-07 00:00:00
69,《英语学习方法论》, , ,[B站](https://www.bilibili.com/video/BV1jE41157bX),不知道几碗粥,通过一张图来解释英语听说读写学习的方法论，感觉被打通任督二脉，非常明了，本人也一直在按照他的方向学习英语,2021-01-23 00:00:00
70,《英语学习（语音、语法、美文朗读）》,英语兔, ,[B站](https://space.bilibili.com/483162496),浅淡cccc, ,2021-02-08 00:00:00
71,《薛大大lumion8渲染器教程》,薛大大生态设计师, ,[B站](https://www.bilibili.com/video/BV16s411E7RQ),是我阿克希呀,lumion8教程里面最简单易懂、清晰明了而且功能讲解齐全。,2021-02-08 00:00:00
72,《视频制作》,老师好我是何同学, ,[B站](https://www.bilibili.com/video/BV1EW411R77n),今天也想吃肉,运营,2021-01-16 00:00:00
73,《资本论思想解读》,复旦大学哲学系王德峰教授, ,[B站](https://www.bilibili.com/video/BV11a4y1W7uE),SitDown,入门资本论的思想导论，提纲掣领,2021-02-10 00:00:00
74,《零基础学习小提琴》,周聪, ,B站,众议院吾无者无,很喜欢这个老师讲的非常好非常适合初学者,2020-02-07 00:00:00
75,《高中数学》,b站数学微课帮, ,[B站](https://www.bilibili.com/video/BV154411i7JS),是我中奖了吗,高中数学非常好,2020-02-07 00:00:00
76,《高中物理》,HuangFuRen, ,B站, ,可以说是通俗易懂了, 
77,《鲁迅小说解读》,智能路障, ,[B站](https://www.bilibili.com/video/BV1Pr4y1T7vc), ,考证用心，解读细致,2021-01-16 00:00:00
78,【钢琴】《零基础学钢琴视频教学教程》, , ,[其他](https://www.bilibili.com/video/BV1Fz4y1R7ap), ,老师讲得巨细致，从零基础开始，学习钢琴必听！, 
79,《造价》,*,*,其他,天天向上DDup, ,2021-12-19 11:46:28
80,《3dmax人物建模教程》,小柳,3D游戏建模,[B站](https://www.bilibili.com/video/BV1y34y1R7sj),游戏建模教学,b站很详细很干货的人物建模视频, 
81,《3dmax教程》,free,3dmax游戏建模,[B站](https://space.bilibili.com/1789155160/video),十,可以每天花个十分钟学习一下干货技巧，宝藏小姐姐UP主, 
82,《高中数学》,一数,B站,其他,冲啊羊羊,B站UP主，一数，讲的非常好，详细过程思路多种解法。,2021-12-16 12:02:13
83,《运动仿真》,刘宏新,CATIA数字样机,其他,qs-IHS-IN,手把手，小白也能变大神, 
84,《Excel教学》,PAPAYA电脑教室,Excel,[B站](https://space.bilibili.com/402780815/channel/seriesdetail),北方的星辰,这个老师讲的特别好，其他的课程还没学，只是暂时学习了Excel，所以只推荐了这个，但是以这位老师的讲课程度来说，其他课程绝对也很棒的, 
85,《免费PPT制作教程》,完美男人珞珈老师,PPT,B站,有吉,顺滑的PPT制作，, 
86,《PR》,罗翔,PR,B站,ROY, , 
87,《Unity3D》,祁天暄,Unity游戏制作,[B站](https://www.bilibili.com/video/BV12s411g7gU),邢邪,这位老师与其说是讲Unity，不如说是在讲c#编程，这位老师讲课非常生动幽默，绝对不是那种枯燥无味的编程课, 
88,《3D建模》,忘了,cg技术,其他,piapia, , 
89,《实用机器学习/人工智能》,李沫,python/人工智能/机器学习,[B站](https://space.bilibili.com/1567748478/channel/seriesdetail),Jay-超人不会飞,亚马逊科学家 讲的很不错 还有答疑课, 
90,《前端学习/pr学习》,村长,vue/视频后期,其他,柯昂康, , 
91,《（》,...,○,其他,..., , 
92,《吉他教学》,随便,。。,其他,739527709, , 
93,《建筑设计/室内设计》,王受之,《建筑设计/室内设计》,[B站](https://space.bilibili.com/5679766),努li加餐饭,上海科技大学创意与艺术学院副院长（当代很多大牌设计师是的老师）,2021-12-18 17:22:16
94,《弟子规精讲》,蔡礼旭,中国传统文化,[其他](https://www.bilibili.com/video/BV1tJ411U73w),逍遥,弟子规在各地都能盛行是有一定原因的，结合蔡老师的讲解大家会对弟子规有一个全新的认识，也会对自己的人生有一个新的方向！, 
95,《了凡四训精讲》,郭继承,中国传统文化（国学？）,[其他](https://www.bilibili.com/video/BV1DE41187nU),逍遥,郭老师的讲解很有热情，深入简出，对命运道理的解释非常到位, 
96,《书法》,黄简,书法学术,[B站](https://www.bilibili.com/video/BV1Xt411s7Nh),羲之力,讲的非常非常的细，把书法掰碎了，揉碎的讲给你听。, 
97,《AIOT人工智能+物联网工程师【马士兵教育VIP课堂】》,马士兵教育,人工智能专业,其他,﹌夢銣呲鯖醒,https://m.ke.qq.com/course/3488801?_bid=167&_wv=2147487745&term_id=103628463&taid=11587572659993633&from=share#from=androidapp,2022-06-02 22:14:24
98,《AI人工智能工程师2022版》,马士兵教育,人工智能专业,其他,﹌夢銣呲鯖醒,https://www.mashibing.com/subject/20,2022-06-02 22:15:08
99,《初级会计职称》,对啊网,会计,[B站](https://www.bilibili.com/video/BV1tJ411m7bs),月半瑾瑜,里面的老师讲课都挺好的，但就是大章容易换人，就会出现一下差距，但课程还是很有帮助的, 
100,《C4D入门课程》,李翔,传媒/C4D,[B站](https://www.bilibili.com/video/BV177411P7d1),南沐风同学,"李翔老师这个课程真的很好上手,而且还很详细.", 
101,《光伏 安装》,无,光伏 安装 太阳能,其他,什么ID,光伏建筑 安装 太阳能,2022-02-03 20:13:52
102,《魔方基础教学-层先法》,刘老师教魔方,其他/魔方,[B站](https://www.bilibili.com/video/BV14K411J7Eq),jffojdkf,让你轻松学会还原魔方，层先法是魔方的基础，不需要记忆太多公式, 
103,《learning how to learn》,Barbara Oakley||Dr. Terrence Sejnowski,其它课程区||与包含有教育学、神经学有关,其他,人工智障深度瞎学之路,https://www.coursera.org/learn/learning-how-to-learn||是一个介绍如何去学习新东西的课程，是该coursera网站最火的课程，在深度学习领域享有盛誉，常常被各种书籍推荐，我本人也十分喜欢这课程，课程中学到了信息是如何被编码进大脑、编码的信息如何存储在不同的脑区，如何调用存储的信息，举例的僵尸、弹珠、组块、记忆宫殿例子十分生动形象，令我印象深刻，还教了很多技巧以及技巧的使用条件，比如对付拖延的番茄法、学习新材料时适用回顾法、对材料特别熟悉时才适用思维导图法。还有很多的与大佬的访谈记录十分珍贵，大佬的回答就是对所学课程知识的另一种解释，让我更好的理解这课程教授的知识。还有该网站和UP的本意具有一致的，免费传播优质内容，该官网提供官方翻译，很良心。,2021-12-16 19:22:29
104,《冥想课》,李冉,冥想,B站,圣殿滑稽之神,全网独一份；我试过，实用！,2022-02-14 21:35:28
105,《数学-高中数学 初中数学 高等数学》,会放羊的教书匠,初高中数学高等数学,B站,甜茶,真的很棒 讲的很细 0基础数学的可以直接看初中数学, 
106,《1小时教你搞定Excel随机选取》,王佩丰,办公软件,[其他](https://study.163.com/course/introduction/670032.htm?inLoc=ss_ssjg_tjlb_王佩丰),墨泰,快速学习excel办公软件, 
107,【梁湘潤八字】《子平概論全集》【（2011）全集】,梁湘潤,命理学,B站,苏同学,梁湘潤大大讲命理学，讲得很细，清楚易懂，还可以排除对八字的偏见,2021-12-17 20:23:26
108,《东西方文化溯源与东西方哲学》,王东岳,哲学,其他,是小赞的粉丝啊,丰富知识，重建思考,2021-12-18 10:55:59
109,《公平与正义》,哈佛哲学教授Michael Sandel,哲学,B站,少油少盐,很有意思，喜欢思考的小伙伴~不要错过了。, 
110,《国文翰苑之易经 动画》,赵知易,哲学,B站,柒略,国文翰苑之易经 动画《伏羲篇》《孔子篇》《周公篇》。周易基础，人生哲理。, 
111,《桥梁施工 大型临时结构设计与计算》,王琛,土木工程,[其他](https://www.bilibili.com/video/BV1VZ4y1G79C),回旋镖,大型临建工程的设计与验算，三总五项必备, 
112,《测绘学概论》,宁津生,土木工程,[其他](https://www.xuexi.cn/lgpage/detail/index.html?id=8505571661917395608),慎和水谷,(空), 
113,《结构力学》,杨飏,土木工程,其他,晨晨, ,2021-12-17 01:45:07
114,《中小学(高中以下)所有课程包括音乐、美术、通用技术等基础课程》,很多国家教育部精选,基础,[其他](https://tongbu.eduyun.cn/tbkt/tbkthtml/1.html?xdcode=xd0001&njcode=njs001&xkcode=yuwen0),迷失幽魂,或许有人觉得多余，但这些知识是大学乃至人生后续学习的基础，如果这个阶段由于一些原因没好好学，想学的听不懂，可以从这里重新开始。当然这个课程对于成年人来说有些内容的确多余，但不要报有高傲不屑，我们每个人都是从这个阶段过来的，而且我们一些人在这个阶段的确某些方面停滞了，而且这种停滞影响到了后续发展，需要补，我是这样但这样的人肯定不止我一个。||返回去有很大的好处，你之前困惑无法理解的东西，在你回去在经历时你很容易就理解了，甚至有了新的感悟，甚至找到人生的方向，属于你自己的道路。,2021-12-18 21:54:16
115,《普通话易错字》,木成,声音表演/侧重沟通的专业,B站,DIT.兔子,张嘴说话是大部分人必需的技能，如果你对声音表演感兴趣那更可以看一下啦~, 
116,《行吗》,谢谢,大学,其他,哈哈, ,2021-12-18 15:23:03
117,《妇产科知识》,六层楼先生,妇产科知识，女性健康,B站,一只特立独行的猫喵喵,学到不少女性健康知识，希望更多的小姐妹看到，也希望男孩子可以多看看，保护好自己的女朋友。,2021-12-18 18:52:22
118,《虚幻引擎课程UE4》,文峥老师,媒体艺术,[B站](https://space.bilibili.com/476595099),14w个粉丝,美国罗切斯特理工（RIT）计算机图像设计专业毕业，厦大嘉庚数媒教研室主任兼VR实验室主任，副教授，IdN中国公司负责人。,2021-12-18 21:16:35
119,《从零开始学小说》,子都忆情,小说教程,[B站](https://space.bilibili.com/8051469),盐甜夏老师,一个超级全超级良心的小说保姆级教程, 
120,《工程》,造价,工程,B站,啦啦, , 
121,《李涛Photoshop高手之路基础篇》,李涛,平面设计,[其他](https://www.liangzhishu.com/course/9?special=undefined),611不见阳光,深入浅出，通俗易懂。李涛用通俗的语言从最底层讲明了光，色的关系。标题是ps但远远不止软件。适合一窍不通的小白。||tips：1.16年前的视频，画质略渣，但收音不错，李涛本人口齿也清楚不影响观看。2. 里面关于软件有几处错误，但大致不影响。,2022-02-08 14:54:59
122,《Momentor动态设计C4D》,曾潇霖Zaoeyo,广告学、视觉传达、设计,[B站](https://space.bilibili.com/95961527),少油少盐,momentor集结了国内最前沿的动态设计。审美很棒！曾神的课除了有扎实的C4D知识，还有C4D相关的英语小课堂。赞！, 
123,《blender建模》,只剩一瓶辣椒酱,建模,B站,捕月rabbit,https://www.bilibili.com/video/BV1zh411Y7LX?p=1,2022-05-20 20:24:20
124,《一建 二建 广联达 bim 等教程》,陈印,建筑,其他,Walker,工程类特别需要这个,2022-02-05 13:09:54
125,《B站：形式美法则合集》,B站up主：恒星创设的一恒,建筑/室内/软装设计,其他,真永,空间设计案例很丰富，案例也比较新，讲解轻松不枯燥，实战性不错。,2021-12-17 01:16:58
126,《一建课程》,不清楚,建筑学,其他,MR.天呐, , 
127,《建筑设计》,李磊,建筑学水,其他,123, , 
128,《CAD施工制图深化设计制图规范》,CAD室内设计仁厚,建筑室内设计，建筑设计，CAD学习,B站,钟声, ,2021-12-18 10:44:21
129,《CAD施工制图规范教程》,室内设计自学室,建筑室内设计，建筑设计，CAD学习,B站,钟声, ,2021-12-18 10:42:21
130,《【Mo公开课】C4D基础课（已完结）——54集精心制作全模块C4D课程》,曾潇霖,影视特效,[B站](https://www.bilibili.com/video/BV1ur4y1T72V),大和福子,讲解非常详细的C4D课程，会把容易遇到的问题都会分析出来，适合小白, 
131,《很多》,很多,很多,B站,A_Amian, , 
132,《变态心理学》北京大学,BLGX,心理学,B站,茶觉QYQ,"北京大学主教材：钱铭怡. 变态心理学[M]. 北京: 北京大学出版社, 2006. ISBN: 9787301106419||课件在这里：http://course.ys168.com/",2022-02-10 14:39:36
133,《超级人脉术》,诸葛思远,快速找到你想找的任何人,其他,2926633188, , 
134,《思维导图xmind百度脑图零基础小白从入门到精通精品视频教程》,吴明,思维导图,[其他](https://www.bilibili.com/video/BV19E411L7gB),途安,(空), 
135,《杜银玲老师：中国标准通用手语零基础学习》,一颗沙雕软糖,手语,[B站](https://www.bilibili.com/video/BV1bb411k771),刘半三,简单了解手语知识,2022-03-20 10:50:16
136,《苏联亡党亡国20年祭》,社科院纪录片,政治/历史/苏联,[B站](https://www.bilibili.com/video/av499248601),匿名吧,居安思危，作为党的教育纪录片。给喜欢政治和前苏联解体历史的同志推荐。,2021-12-17 21:21:44
137,《王骁Albert：美国背面研究报告》,王骁Albert,政治/国际关系,[B站](https://www.bilibili.com/cheese/play/ep2711),怎样起一个名字呢,了解美国非常好的课程（收费）, 
138,《3dmax入门到精通教程【全集】》,陈莫老师,效果图表现、室内设计,[B站](https://www.bilibili.com/video/BV1AT4y1K7JH),3Dmax资源库,学3dmax小伙伴必须要看一看的教程，幽默风趣的教学风格，简单易懂的讲解，很容易就能上手，强烈案例, 
139,《2中学教育知识与能力【科目二】》,云考点考试-泡芙老师,教师资格证考试/教育,[B站](https://www.bilibili.com/video/BV1xA411F7v5),就依你oo,这个我是跟着学过来，还挺不错，推荐给需要备考教资的小伙伴们。, 
140,《3D建模》,CG可乐网/丿第七骑士丶,数字媒体技术,[B站](https://space.bilibili.com/46525767),526804796,学习如何布线去CG可乐网，学习进阶去第七骑士, 
141,《初高数学》,一数,数学,[B站](https://www.bilibili.com/video/BV147411K7xu),12304268, ,2021-12-17 18:06:14
142,《数学》,罗翔,数学,其他,希夷, ,2022-05-20 19:11:27
143,《数学》,一数,数学,[B站](https://www.bilibili.com/video/BV1tE411q7VE),汤一清,高中生物基础较差 以及复读或者初升高有预习j想法的同学可以前去看一看,2022-07-28 14:40:44
144,《数学公式解释证明》,Cuemath,数学,[其他](https://www.cuemath.com/math-formulas/),鸡蛋酱油仔,这里汇集了许多数学公式的证明，基本每个证明都有清晰明了的作图，包括三角函数，甚至(a+b)平方也有图形理解，简直一目了然！可以帮助对溯源公式/证明公式有兴趣的同学, 
145,《高中数学》,无,数学,B站,卡卡, , 
146,《初高中数学》,一数,数学课程,B站,火火话地理,系统，很好, 
147,《文学理论课程全集》,西竹书院杨宁老师,文学,B站,心电图85, ,2022-06-26 13:15:57
148,《文学理论课程全集》,西竹书院杨宁老师,文学,其他,心电图85,对人生的感悟，,2022-06-26 13:15:57
149,《无》,无,无,B站,张靖杰,无, 
150,《无》,无,无,其他,米洛踝,好吧，想试试, 
151,《核辐射》,无,无,其他,长弓, ,2021-12-18 11:38:05
152,《笔记术》,沙牛,无,[B站](https://www.bilibili.com/video/BV1Gx411X767),晓晨昕,对热门的纸质笔记术进行了以实践为目的的讲解，同时以印象笔记为载体，对用电子笔记术打造自己信息库进行讲解, 
153,《666》,666,无须作答,其他,666, , 
154,《我要刷初二考试卷》,无,无须作答,其他,www, , 
155,《日语初学》,偏头鱼喵,日语,其他,大大怪, ,2021-12-16 13:49:44
156,《日语学习：新标日课程0到N1》,教日语的阿飞老师,日语入门,[B站](https://www.bilibili.com/video/BV1Bp4y1D747),人世间rsj,讲解详细，适合日语入门学习,2021-12-18 16:29:50
157,《中国服装史》,贾玺增,服装设计,[其他](https://www.xuexi.cn/lgpage/detail/index.html?id=15622293995474236608),慎和水谷,(空), 
158,《古月 · ROS入门21讲》,古月,机器人,[其他](https://www.bilibili.com/video/BV1zt411G7Vn),途安,学习ROS机器人操作系统最好的入门课程，旗下还有其他非常实用实例课程可以购买，而且很便宜, 
159,《solidworks新手到高级机械工程师必备教程》,王江平,机械,[B站](https://www.bilibili.com/video/BV16E411d723),ORZERO12,实打实的经验教程，避开软件冗长的介绍、直接将实用。高级技巧手把手交给你, 
160,《Solidworks高级动画教程》,暴怒号,机械工程,B站,爱吃烤面包的公祖思博,一学就会, 
161,《一级建造师》,张君,水利,其他,she, , 
162,《普通话吟诵》,徐健顺,汉语,[B站](https://www.bilibili.com/video/BV1MW411y7z3),局座117,学习了本课程，你大概可以对别人自豪地宣称：“我是中国人”！||什么是吟诵？和朗诵有什么区别？中国百年的西化浪潮为何独独将吟诵抛下？||本课程有的是醍醐灌顶、引人遐思。||我想，只要你坚持把第一集看了，后面四十九集你都会自觉地把它看完。, 
163,《中华国学》,张荣明,汉语言文学,[其他](https://www.xuexi.cn/lgpage/detail/index.html?id=4146907619235024711),慎和水谷,对于年轻一代的学子，学习国学不仅仅在于了解先贤哲人的思想和古代社会的道德体系，更在于用其中优秀的思想来提高我们的人文素养，完善道德修养，提升精神境界，进而重整社会秩序，振兴民族。, 
164,《刑法》,王兴,法学,其他,192.160.10.2, , 
165,《刑法学》,罗翔,法学,B站,743297455, , 
166,《刑法学》,罗翔,法学,其他,Tel鱼丸粗面, , 
167,《刑法学》,罗翔,法学,其他,Vicky婷, ,2021-12-16 17:06:20
168,《刑法学》,罗翔,法学,B站,曹达华, ,2021-12-17 22:59:29
169,《刑法学》,罗翔,法学,其他,百思得其解君, , 
170,《无》,罗翔,法学,B站,琰, ,2022-07-27 23:37:26
171,《法考视频课》,钟秀勇,法学,其他,大大大园b,针对法考的全程免费课程！,2021-12-18 19:42:01
172,《生死学》,石若坤,法学,[B站](https://docs.qq.com/sheet/DRU5MWHZCTHFGQnhM),mll, ,2022-07-27 13:19:52
173,《unity游戏制作》,M_Studio,游戏制作/unity插件使用,[B站](https://www.bilibili.com/video/BV1W4411Z7UC),姬七桑,根据教程可以完整的完成游戏制造的第一款游戏，就算是没有编程基础的人，也能轻松完成，值得推荐！！, 
174,《3dmax游戏建模教程》,哈瑞,游戏建模,[B站](https://www.bilibili.com/video/BV1T64y1c7qa),3D建模系统教学,零基础开始学习游戏建模, 
175,《陈鄂生量子力学习题》,一无是处自老师,物理学,[B站](https://www.bilibili.com/video/BV1JV411b7nZ),巴骑士,只要考研考量子力学就是必刷的一本书，这个up几乎把这本书的所有题都作详细的讲解，适合看不太懂答案或者懒得看答案的同学刷题时观看。,2021-12-18 23:31:34
176,《【VRay5.0教程】VRay for 3dmax渲染全套入门教程》,KK老师,环艺-室内,[B站](https://www.bilibili.com/video/BV16D4y1X7eW),风一样的男人,敲实用的VRay5入门必备教程, 
177,《史上最良心的电吉他教程【理论】》,GC伊格尼斯,电吉他,[B站](https://space.bilibili.com/68048227/channel/detail),ly6170,理论讲的很清楚，最良心不足为过，就是偶尔会开个车,2021-12-18 22:53:54
178,《工业机器人基础/电子信息技术基础/PLC原理与应用》,左湘,电子与信息技术,其他,123, , 
179,《数字图像处理》,无,电子信息工程,其他,cza, ,2021-12-19 11:57:55
180,《树莓派教程》,树小悉,电子科技,B站,一条咸鱼的狗,b站为数不多的入门树莓派的系列好教程,2022-04-16 23:46:12
181,《新教伦理与资本主义精神导读》,郁喆隽,社会学,其他,花栗鼠de,老师详细介绍韦伯生平和新教发展的背景，适合小白入门,2021-12-19 14:59:43
182,《社会学》,无,社会学,其他,嘻嘻, , 
183,《透过性别看世界》,沈奕斐,社会学/两性关系,B站,桑榆将至, , 
184,《职场餐桌礼仪》,王一块,社会学（不清楚这个应该分哪里- -）,[B站](https://www.bilibili.com/video/BV1w3411k7iA),Doreamon,但凡有过一次在这种商务宴请上一脸懵逼的经历，都会觉得这个up讲得真有用。希望大家都从心所欲而不逾矩^^,2021-12-18 09:51:22
185,《Time-frequency analysis》,Mike X Cohen,神经科学/信号分析,[其他](https://www.bilibili.com/video/BV1Nz4y16733),SpringINeuroscience,视频是B站up从油管搬运的。||对于EEG/ECoG/LFP等神经电生理信号进行时频分析的神经科学科研人员来说这是一个很好的入门课程。||虽然没有字幕，但Cohen的语速适中，发音清晰，基本没有理解难度~,2021-12-17 09:26:21
186,《上古史》,神都俗人,空,[B站](https://www.bilibili.com/video/BV11K41137DL),远志学,对了解上古史有帮助,2021-01-18 00:00:00
187,《名老中医之路》导读,李董男,空,[其他](https://www.bilibili.com/video/BV1so4y1o77j),远志学,没有集合散版，蛮不错,2021-01-19 00:00:00
188,《学习方法》,Yjango,空,[B站](https://space.bilibili.com/344849038),yesi,学习观的视频是对我个人影响最大的视频，讲解学习方法的视频有许许多多，然而学习观的野心不止于此他不但要告诉你学习的原理还从信息论的角度深入分析生物进化说明为什么生物需要学习，以及学习的底层原理。,2021-01-16 00:00:00
189,《手绘or板绘》,看理想,空,B站,六道而已,简单易懂，教的细致，对自学友好。,2021-01-16 00:00:00
190,《社会事件、读书》,看理想,空,B站,华霑HZ,包罗万象，很适合走在路上的时候听,2021-01-16 00:00:00
191,《经济危机及其应对政策的国际比较》,温铁军老师,空,[其他](https://mooc1-2.chaoxing.com/nodedetailcontroller/visitnodedetail?courseId=206199750&knowledgeId=241221787),远志学,B站的不全，福建农林在线课程是完整的。逻辑清晰，言简意赅,2021-01-19 00:00:00
192,《解释各类学科的关键模型》,汤质看本质,空,[B站](https://www.bilibili.com/video/BV1f4411x7E9),yesi,培养自己的抽象思维能力，学习用各类模型更好的看清世界，推荐给喜欢哲学的朋友,2021-01-16 00:00:00
193,《锻炼》,美丽芭蕾,空,B站,-XXAY-,懂得都懂 强度大且有用,2021-01-16 00:00:00
194,《经济学》,温铁军,经济学,B站,不善言辞的李先生, , 
195,《绘画基础（板绘）》,krenz,绘画/基础美学知识,B站,羡之, , 
196,《零基础到职业编剧》,查理老师的编剧课,编剧,B站,舟舟,https://www.bilibili.com/video/BV1eE411F73t?share_source=copy_web,2022-05-30 16:28:22
197,《Cubase中文教程》,音律屋,编曲,[B站](https://www.bilibili.com/video/BV1K64y1Y7zM),囚玉君,适用于Cubase8、Cubase10.5、Cubase11等各个版本。课程永久更新。,2021-12-19 10:22:49
198,【C语言】《带你学C带你飞》,小甲鱼（uid314076440）,编程-C语言,[B站](https://www.bilibili.com/video/BV17s411N78s),htfc786,very good，篇向c语言初学者, 
199,《英语》,八哥smile,考研/四六级,B站,哼文,对成图感兴趣的可以添加交流群，里面有很多大佬，一定要多多发问，QQ：148475781,2022-07-31 09:51:53
200,《公共营养师—教材精讲（三级）》,中国人力资源和社会保障出版集团有限公司职业培训教材出版分社,职业培训/公共营养师,[其他](http://pxclass.px.xueyanshe.com/index/index/classIntro?id=261&type=7&gcode=100222019090349122900103),帝血シャナ,抱歉因为格式定死了，只能这样填。我其实是想推荐这个网站（中国职业培训在线：http://pxclass.px.xueyanshe.com/）来着，算是功能性网站，想考职业资格证书的可以看看，能免费查询职业技能标准（人社部认定的那些），上面也有很多免费课程（电工、焊工、家政服务、中式烹调等），不敢说能真正系统学习，但是当兴趣班学的话，完全够用，还是人社部下属国企的网站。,2021-12-18 00:41:44
201,《FREE高考英语零基础入门训练》,free高考英语,英语,B站,阿臣,这是我见过最好的零基础课程,2022-09-17 21:30:42
202,《Grammar in Use》,昂克英文君,英语,[B站](https://www.bilibili.com/video/BV1tt411w72A),鹏城飞翔,将的很细致，适合从头系统学习语法的人,2021-12-17 19:03:39
203,《Vocabulary in use 剑桥词汇在用》,烤鸭TV,英语,[B站](https://www.bilibili.com/video/BV1HC4y1W7L4),游欸一,老师干货满满，除剑桥词汇在用外还有雅思和四六级的干货, 
204,《如何系统学英语》,昂克英文君,英语,[B站](https://space.bilibili.com/286263737/channel/collectiondetail),石哗哗,解决全阶段英语迷茫者问题！喂饭up!应试和素养培养都有用！能区别与应试教育下的英语学习模式,2022-03-02 19:04:12
205,《思辨式英文写作》,唐磊,英语,[其他](https://www.xuexi.cn/lgpage/detail/index.html?id=12708705322055075135),慎和水谷,(空), 
206,《英语》,唐迟,英语,其他,XiuMin, , 
207,《英语》,英语的平行世界,英语,[B站](https://space.bilibili.com/388576777),下大雨,从基础到扎实，讲解很清晰明了而且像我英语烂到极致都可以听懂，良心推荐, 
208,《英语》,都行,英语,其他,吾皇不想玩, ,2021-12-18 08:41:02
209,《英语学习》,英语的平行世界,英语,B站,巧克力安,他的视频质量很高。初学者最好从头开始看，如果跳着看，很可能会听不懂。另外，如果从头开始看，也有不懂的地方，建议二刷或者多刷几遍，你会懂的。加油！, 
210,《英语单词倍速学习》,TUO图欧君,英语单词,[B站](https://space.bilibili.com/36184593/video),未已哒,各阶段英语单词倍速学习，还有日语, 
211,《影子跟读练口语》,羊歪楼,英语口语,[B站](https://space.bilibili.com/313773387),mc绫波丽,逐句跟读，更好的锻炼自己的口语，我觉得挺实用的哈,2022-02-07 16:55:02
212,《刑法学》,罗翔,视频,其他,https://wxaurl.cn/VyVjcQncf3e, ,2021-12-19 09:51:12
213,《MAD剪辑入门/AE入门》,柏吃支醉,视频后期,[B站](https://www.bilibili.com/video/BV1Us411Y7Kj),无名,讲解详细、视频有趣，适合新手入门，第0期请选择性观看，目前只有4期，博主计划以后完善教程(猴年马月), 
214,《ae》,老鹰,视频后期,其他,xuyang, ,2022-02-15 12:02:35
215,《pr后期剪辑》,pr教程,视频后期,B站,哄哄,让自己成为一个有用的人, 
216,《刑法学》,罗翔,视频后期,B站,12123, , 
217,《C++》, ,计算机,[其他](https://www.bilibili.com/video/BV1et411b73Z),途安,(空), 
218,《电子商务》,无,计算机,其他,妤妗, ,2022-02-19 03:15:03
219,《计算机学习基础网站》,菜鸟教程,计算机,[其他](http://runoob.com),计算机, , 
220,《计算机网络》,高君,计算机/网络,[其他](https://www.icourse163.org/course/HNKJ-1461816178),笑禅一味,复杂枯燥的内容简化生动明了,2021-12-17 09:34:45
221,《【百集精品】史上最全数据恢复全套教程》,Newtxin,计算机数据恢复/winhex,[B站](https://www.bilibili.com/video/BV1aa4y1v7Tu),华宝Sir,对winhex数据恢复打基础很有帮助，且老师可爱（算是吧hhc），而且进群可以免费领一些教程（就是群有点冷清）,2021-12-19 14:09:22
222,《10分钟快速入门：计算机科学》,Carrie Anne,计算机科学,[B站](https://www.bilibili.com/video/BV1jE411871a),雄关再越,对计算机科学一个宏观的认识,2021-12-19 00:19:55
223,《c++或者前端，java》,不大理解,计算机科学与技术,其他,gl, , 
224,《算法与数据结构》,闫学灿,计算机科学与技术,[其他](https://space.bilibili.com/7836741),tkotw,老师讲的很好，适合准备算法竞赛、公司笔试面试的同学听, 
225,《算法与数据结构》,闫学灿,计算机科学与技术,[其他](https://www.acwing.com/activity/),tkotw,老师讲的很好，适合准备算法竞赛、公司笔试面试的同学听, 
226,《各种设计免费网站》,https://www.51zxw.net/study.asp?vip=22199361,设计网站学习,[其他](https://www.51zxw.net/study.asp?vip=22199361),吃一口灵魂饭,免费学习的网站，特别好！,2022-02-13 21:31:39
227,《高中语文》,学过石油的语文老师,语文,[B站](https://space.bilibili.com/39737405),纵情山河万里,以前我的语文就处在及格线水平，一直以来我都感觉语文是门玄学，直到接触了杨佳奇老师我才明白语文到底该怎么学，你也不用担心枯燥无味，上他的课你都会笑到停不下来的！最后高考语文考了120，相信我宝子们，一定要看！, 
228,《国家玮：高考作文提分攻略》,国家玮,语文（作文）,[B站](https://www.bilibili.com/cheese/play/ep3094),行止,非常有用，打破你的固有思想。高考前几天看都很合适！, 
229,《高考英语》,Free高考英语,语言,B站,额, ,2022-01-31 09:49:19
230,《K线》,恐龙,财经,其他,jajijol, ,2022-02-02 09:30:39
231,《K线图教程》,恐龙饲养员（又称班班）,财经股市,[B站](https://space.bilibili.com/13449656/channel/detail),jajijol,简单明了的K线图教程。很实用。,2021-12-18 13:44:17
232,《B站精选fiddler抓包教程》,软件测试干货分享,软件测试,[B站](https://www.bilibili.com/video/BV1vM4y1V78M),奋斗小青年yfee, , 
233,《激荡四十年》系列,大象放映室,近代史,[B站](https://www.bilibili.com/video/BV1AK4y147uB),ʚ蓝羽ɞ,尝试了解释这么一件事：“从1978到2020，中国是如何崛起的？”||从1978年开始，以每年为一个单位做一个视频。主要讲讲这一年中国到底发生了什么？有哪些经济大事件？哪些企业人物、商业大佬崭露头角？顺带讲讲整个社会的局势和氛围。||等片子全做完了，就算是一个视频编年史。||目前更新到1994年(2021/12/23), 
234,《艺考速写》,薛牧之,速写,[B站](https://space.bilibili.com/49868383/video),无名52ka,生动有趣，绘画功底深厚,2022-01-21 21:53:38
235,《配音》,修岚,配音,B站,威博不是APP, ,2022-02-18 20:35:51
236,《金融经济学二十五讲》,徐高,金融经济学,[B站](https://www.bilibili.com/video/BV1Bx411d714),无罔千山, , 
237,《金融经济学二十五讲》,徐高,金融经济学,[B站](https://www.bilibili.com/video/BV1Bx411d714),无罔千山, , 
238,《针灸》,方法,针头,其他,1111111, , 
239,《英语干货（雅思学习）》,丸子,雅思以及英语学习,[B站](https://space.bilibili.com/27694399),丸子tinateena,不知道那个网站能不能进去，但是如果不行那就只能搜索了。我在备考雅思的时候无意间发现的up主，up主在香港教英文的老师，本身很厉害，再加上长期从事英文教学所以较能把控大家的弱点，在学习方面可以给出一点建议, 
240,《韩语发音》,相东芳,韩语,[B站](https://www.bilibili.com/video/BV1Gx411E7Z3),爷可是传说啊,看她！史上最全的免费韩语教程了！学习要用毅力，特别是学语言，一起加油吧~, 
241,《韩语发音教学》,韩语养乐多老师,韩语,[B站](https://www.bilibili.com/video/BV1NW411h7U3),还没午睡,养乐多老师讲得很有耐心，而且感觉是比较标准的，教学经验丰富，冲！, 
242,《零基础自学音乐学乐理》,三分钟音乐社,音乐,[B站](https://www.bilibili.com/video/BV12W411f7YF),8357251,是我看过的最好的最详细的乐理教学视频，老师举例得当，通俗易懂。,2021-12-18 22:19:36
243,《零基础自学音乐学乐理合集-第二季（最终版）/更新中》,三分钟音乐社 西蒙,音乐,[B站](https://www.bilibili.com/video/BV14p4y1e7TV),风一样的夏天L,老师非常照顾入门学习者。是我对比b站目前几个播放量最多的基础乐理课程中，零基础的学习者接受知识最舒服的，以及最通俗易懂的。,2021-12-17 17:57:13
244,《爵士钢琴入门》,Peter Martin,音乐-钢琴,B站,晁17,适合有一定钢琴基础 特别是练耳基础的人学习 教学方式主要是自己听 记, 
245,《西方园林史》,于冰沁,风景园林,其他,一生最爱犬夜叉,每节课老师都会根据各地区的文化特色来讲园林史, 
246,《高中数学》,滴答课堂,高中数学,[B站](https://www.bilibili.com/video/BV1nt41197uJ),流浪中的路人,高中数学基础不好的同学可以去补修一下昂,2022-01-28 11:32:35
247,《高中数学基础与解法全集（涵盖所有）|长期更新|从零开始拯救所有学渣！通俗易懂|竞赛国一保送生主讲|数学有救了|干货满满|》,一数,高中数学,[B站](https://www.bilibili.com/video/BV147411K7xu),天机阵皇昊,专注公益教育的数学老师，十分可敬，建议也看看他一数公益下其他课程,2021-12-18 22:38:47
248,《高中生物》,李林生物,高中生物,[B站](https://space.bilibili.com/229823308),封不觉,高中生物讲的通透有趣, 
249,《高中生物必修一（人教版）视频合集》,锦城大同教育,高中生物必修1,[B站](https://space.bilibili.com/384234870),乳清蛋白~,疯癫和逗比的风格,2022-07-29 16:48:26
250,《高中英语》,free高考英语,高中英语,B站,H,非常系统全面的高中英语课程，且在不断变得更好,2022-10-21 21:44:57
251,《听懂就能杀疯的作文语言课》,中文系五匪子,高中语文,B站,彼岸的屠龙少女,培养思辨能力||锻炼文笔||提高语文成绩||主要还是要多记多练，形成自己的逻辑, 
252,《民族脊梁：鲁迅》,老刘，回到2049,鲁迅文学,[B站](https://www.bilibili.com/video/BV1EY411W7D7),大齐, , 
